text,language,label,category,source
Important: Your mobile recharge of Rs.999 is successful. Validity 28 days. Thank you.,en,legitimate,legitimate,synthetic_template
"Congratulations! You won Rs 10,00,000 in KBC lucky draw. Call 8123456789 and pay processing fee to claim prize.",en,scam,lottery,synthetic_template
YOUR LIBRARY BOOK IS DUE ON 22-05-2026.. PLEASE RETURN IT AT THE COUNTER TO AVOID A LATE FEE..,en,legitimate,legitimate,synthetic_template
"Canara Bank: Rs..50,000 credited to your account on 03-06-26 by NEFT.. Avl bal Rs..12,400..",en,legitimate,legitimate,synthetic_template
"Rs.499 debit aagiduchu account XX4412 la, balance Rs.8,330, OTP yaarukum share pannadheenga",ta,legitimate,legitimate,synthetic_tanglish
"உங்கள் பணம் ரூ.2,500 பெறப்பட்டது. ரசீது எண் 88213. இது தானியங்கி செய்தி.",ta,legitimate,legitimate,synthetic_template
"Attention! Your consignment is seized. Clearance fee Rs 10,000 required. Contact 9445566778",en,scam,courier_parcel,synthetic_template
LOW INTEREST LOAN AVAILABLE ANY CIBIL SCORE. ZERO PAPERWORK. CONTACT 6383991122,en,scam,loan,synthetic_template
"112233 is your OTP for Kotak login. Valid for 10 minutes. Do not share this OTP with anyone, including bank staff.",en,legitimate,legitimate,synthetic_template
"Invest in our forex plan.. Risk free returns, get 3x in 30 days.. Whatsapp 6383991122",en,scam,investment,synthetic_template
Important: உங்கள் சிலிண்டர் பதிவு எண் 7781234.. இரண்டு வேலை நாட்களில் வழங்கப்படும்..,ta,legitimate,legitimate,synthetic_template
YOUR AADHAAR UPDATE REQUEST 8812 HAS BEEN ACCEPTED AT THE ENROLMENT CENTRE. CHECK STATUS ON THE OFFICIAL PORTAL AFTER 7 DAYS.,en,legitimate,legitimate,synthetic_template
"YOUR MOBILE NUMBER IS SELECTED IN COCA COLA LUCKY DRAW. PRIZE RS 5,00,000. CONTACT WHATSAPP 7012345678",en,scam,lottery,synthetic_template
EB notice: immediate disconnection at 9 pm. Update payment at http://sbi-kyc-update.xyz/verify,en,scam,electricity_bill,synthetic_template
Attention! Congratulations on completing the cyber safety workshop. Your certificate is ready for collection.,en,legitimate,legitimate,synthetic_template
வங்கி 26-01-2026 அன்று விடுமுறை காரணமாக மூடப்படும். அடுத்த வேலை நாளில் இயல்பு சேவை.,ta,legitimate,legitimate,synthetic_template
AMAZON HIRING WORK FROM HOME. DAILY PAYOUT. SECURITY DEPOSIT RS 1500 REFUNDABLE. APPLY HTTP://TINYURL.COM/KYC-UPDT,en,scam,job,synthetic_template
"ரூ.1,250 உங்கள் கணக்கிலிருந்து பற்று வைக்கப்பட்டது. இருப்பு ரூ.8,330. OTP ஐ யாரிடமும் பகிர வேண்டாம்.",ta,legitimate,legitimate,synthetic_template
Your gas cylinder has been booked. Booking ID 7781234. Delivery in 2 working days. Thank you.,en,legitimate,legitimate,synthetic_template
"உங்கள் கணக்கு முடக்கப்படும். OTP 554411 ஐ பகிரவும், இல்லையெனில் சேவை நிறுத்தப்படும்.",ta,scam,otp,synthetic_template
"To stop the unauthorised transaction of Rs 999, share the verification code immediately. Act fast!",en,scam,otp,synthetic_template
"112233 is your OTP for Axis Bank login.. Valid for 10 minutes.. Do not share this OTP with anyone, including bank staff..",en,legitimate,legitimate,synthetic_template
"Data entry job, no experience needed.. Earn Rs 50,000 weekly.. Registration charge only Rs 750..",en,scam,job,synthetic_template
உங்கள் பணம் ரூ.499 பெறப்பட்டது. ரசீது எண் 88213. இது தானியங்கி செய்தி.,ta,legitimate,legitimate,synthetic_template
"உங்கள் பணம் ரூ.4,999 பெறப்பட்டது. ரசீது எண் 88213. இது தானியங்கி செய்தி.",ta,legitimate,legitimate,synthetic_template
"To stop the unauthorised transaction of Rs 499, share the verification code immediately.",en,scam,otp,synthetic_template
"Your mobile recharge of Rs.2,500 is successful. Validity 28 days. Thank you.",en,legitimate,legitimate,synthetic_template
EB notice: immediate disconnection at 9 pm. Update payment at http://bit.ly/3kycupd,en,scam,electricity_bill,synthetic_template
"483920 IS YOUR OTP FOR KOTAK LOGIN. VALID FOR 10 MINUTES. DO NOT SHARE THIS OTP WITH ANYONE, INCLUDING BANK STAFF.",en,legitimate,legitimate,synthetic_template
"Guaranteed 30% monthly return on crypto trading. Invest Rs 1,250 and double your money in 15 days. Join http://paytm-cashback.buzz/claim",en,scam,investment,synthetic_template
"HDFC Bank: Rs.4,999 credited to your account on 03-06-26 by NEFT. Avl bal Rs.12,400. Regards.",en,legitimate,legitimate,synthetic_template
"Dear customer, Your ration card e-KYC has been completed successfully at the fair price shop. No further action needed.",en,legitimate,legitimate,synthetic_template
"Dear customer, your electricity bill of Rs..2,500 for May is due on 20-05-2026.. Pay through the official app or nearest office.. Team",en,legitimate,legitimate,synthetic_template
"I HAVE YOUR PRIVATE VIDEO. PAY RS 25,000 OR I WILL SEND IT TO ALL YOUR CONTACTS.",en,scam,social_media,synthetic_template
907845 உங்கள் உள்நுழைவு OTP.. 10 நிமிடம் செல்லுபடியாகும்.. இதை யாரிடமும் சொல்ல வேண்டாம்.. Act fast!,ta,legitimate,legitimate,synthetic_template
Pre-approved personal loan of Rs 499 approved. No documents required. Pay processing fee Rs 999. Call 6383991122,en,scam,loan,synthetic_template
"ACCEPT THE PAYMENT REQUEST ON PHONEPE TO RECEIVE CASHBACK OF RS 4,999. ENTER PIN TO CONFIRM.",en,scam,banking,synthetic_template
Dear customer your Kotak KYC has expired. Account will be blocked within 24 hours. Click http://192.168.44.9/bank/login to update. Act fast!,en,scam,kyc,synthetic_template
"உங்கள் ரீசார்ஜ் ரூ..50,000 வெற்றிகரமாக முடிந்தது.. 28 நாட்கள் செல்லுபடியாகும்..",ta,legitimate,legitimate,synthetic_template
Your request for a new chequebook has been registered. It will reach you in 7 working days. Regards.,en,legitimate,legitimate,synthetic_template
"Important: Rs.50,000 debit aagiduchu account XX4412 la, balance Rs.8,330, OTP yaarukum share pannadheenga",ta,legitimate,legitimate,synthetic_tanglish
Dear customer your electricity connection will be disconnected tonight because bill is not updated. Call officer 6383991122,en,scam,electricity_bill,synthetic_template
"Ungaloda order ship aagiduchu, naalaiku delivery aagum, app la track pannunga Regards.",ta,legitimate,legitimate,synthetic_tanglish
Part time job available. Like YouTube videos and earn Rs 500 per day. Join WhatsApp 7012345678,en,scam,job,synthetic_template
YOUR FEDEX PARCEL IS HELD AT CUSTOMS DUE TO ILLEGAL ITEMS. CALL 6383991122 IMMEDIATELY TO AVOID LEGAL ACTION.,en,scam,courier_parcel,synthetic_template
Your gas subsidy is pending. Update bank account at http://bit.ly/3kycupd to receive Rs 999.,en,scam,impersonation,synthetic_template
ரூ 499 பற்று வைக்கப்பட்டது. நீங்கள் செய்யவில்லை என்றால் 9445566778 ஐ உடனே அழைக்கவும்.,ta,scam,banking,synthetic_template
Your net banking password expires today. Confirm your card number and CVV at http://tinyurl.com/kyc-updt.,en,scam,banking,synthetic_template
"Dear customer, Dear customer, your electricity bill of Rs.999 for May is due on 20-05-2026. Pay through the official app or nearest office.",en,legitimate,legitimate,synthetic_template
"Loan approve aagiduchu Rs 1,250, processing fee mattum pay pannunga, documents thevai illa",ta,scam,impersonation,synthetic_tanglish
SBI: Your debit card is blocked. Share card number and CVV to reactivate.,en,scam,banking,synthetic_template
"Dear customer, Your cheque number 445122 for Rs..2,500 has been cleared on 14-05-2026..",en,legitimate,legitimate,synthetic_template
"MUMMY PHONE UDANJU POCHU, ITHU EN NEW NUMBER, RS 10,000 URGENT AH ANUPPUNGA",ta,scam,impersonation,synthetic_tanglish
"Dear customer, your electricity bill of Rs.4,999 for May is due on 20-05-2026. Pay through the official app or nearest office. Act fast!",en,legitimate,legitimate,synthetic_template
"உங்கள் ரீசார்ஜ் ரூ.4,999 வெற்றிகரமாக முடிந்தது. 28 நாட்கள் செல்லுபடியாகும்.",ta,legitimate,legitimate,synthetic_template
DEAR CUSTOMER YOUR KOTAK KYC HAS EXPIRED. ACCOUNT WILL BE BLOCKED WITHIN 24 HOURS. CLICK HTTP://BIT.LY/3KYCUPD TO UPDATE.,en,scam,kyc,synthetic_template
"Congratulations! You won Rs 5,00,000 in KBC lucky draw.. Call 6383991122 and pay processing fee to claim prize..",en,scam,lottery,synthetic_template
Union Bank security team here.. Confirm OTP 112233 within 10 minutes or your net banking will be disabled..,en,scam,otp,synthetic_template
"YOUR MOBILE RECHARGE OF RS.50,000 IS SUCCESSFUL. VALIDITY 28 DAYS. THANK YOU.",en,legitimate,legitimate,synthetic_template
Anna urgent ah OTP 554411 share pannunga illana account block aagidum,ta,scam,impersonation,synthetic_tanglish
"Your consignment is seized. Clearance fee Rs 50,000 required. Contact 9876543210",en,scam,courier_parcel,synthetic_template
"Dear customer, This is from Mumbai customs. Your parcel contains narcotics. Stay on this call, do not disconnect.",en,scam,courier_parcel,synthetic_template
"I am Major Rajesh from Indian Army, posted transfer. Pay advance Rs 4,999 for the furniture, I will send truck.",en,scam,impersonation,synthetic_template
"Accept the payment request on Paytm to receive cashback of Rs 25,000. Enter PIN to confirm. Act fast!",en,scam,banking,synthetic_template
"220199 is your OTP for Axis Bank login. Valid for 10 minutes. Do not share this OTP with anyone, including bank staff.",en,legitimate,legitimate,synthetic_template
"முன்கூட்டியே அனுமதிக்கப்பட்ட ரூ 4,999 கடன். ஆவணம் தேவையில்லை. செயலாக்க கட்டணம் ரூ 999. 8123456789",ta,scam,loan,synthetic_template
"Your train PNR 4451223 is confirmed, coach S4 berth 32. Happy journey. Thank you.",en,legitimate,legitimate,synthetic_template
Your Instagram account will be permanently disabled. Confirm your identity here http://bit.ly/3kycupd,en,scam,social_media,synthetic_template
"Important: உங்கள் காசோலை எண் 445122, ரூ..999 14-05-2026 அன்று செலுத்தப்பட்டது..",ta,legitimate,legitimate,synthetic_template
"907845 is your OTP for ICICI Bank login. Valid for 10 minutes. Do not share this OTP with anyone, including bank staff.",en,legitimate,legitimate,synthetic_template
"Congratulations! You won Rs 5,00,000 in KBC lucky draw. Call 9445566778 and pay processing fee to claim prize.",en,scam,lottery,synthetic_template
ICICI Bank: Your debit card is blocked. Share card number and CVV to reactivate.,en,scam,banking,synthetic_template
554411 உங்கள் உள்நுழைவு OTP. 10 நிமிடம் செல்லுபடியாகும். இதை யாரிடமும் சொல்ல வேண்டாம்.,ta,legitimate,legitimate,synthetic_template
Your order has been shipped and will be delivered by tomorrow 7 PM. Track in the app.,en,legitimate,legitimate,synthetic_template
"Rs.50,000 debited from A/c XX4412 on 12-05-26. Avl Bal Rs.8,330. Not you? Call 18001234. Do not share OTP with anyone. Regards.",en,legitimate,legitimate,synthetic_template
சைபர் பாதுகாப்பு பயிற்சியை முடித்ததற்கு வாழ்த்துக்கள். உங்கள் சான்றிதழ் தயாராக உள்ளது. Regards.,ta,legitimate,legitimate,synthetic_template
"Rs.2,500 debit aagiduchu account XX4412 la, balance Rs.8,330, OTP yaarukum share pannadheenga Team",ta,legitimate,legitimate,synthetic_tanglish
"Dear customer, your Union Bank account needs verification. Share the OTP 483920 received on your mobile to complete the process.",en,scam,otp,synthetic_template
"Rs..1,250 debited from A/c XX4412 on 12-05-26.. Avl Bal Rs..8,330.. Not you? Call 18001234.. Do not share OTP with anyone..",en,legitimate,legitimate,synthetic_template
Important: Reminder: your LPG cylinder booking is confirmed. Delivery within 2 working days. Pay only to the delivery person.,en,legitimate,legitimate,synthetic_template
"Dear customer, Dear customer, your electricity bill of Rs.1,250 for May is due on 20-05-2026. Pay through the official app or nearest office.",en,legitimate,legitimate,synthetic_template
"I am CBI officer. Your Aadhaar is used in money laundering case. This is a digital arrest, stay on video call.",en,scam,digital_arrest,synthetic_template
Your monthly statement for A/c XX4412 is ready. View it by logging into the official Union Bank net banking portal.,en,legitimate,legitimate,synthetic_template
"Dear customer, அரசு மருத்துவமனையில் உங்கள் சந்திப்பு 15-05-2026 காலை 10:30 மணிக்கு உறுதி செய்யப்பட்டது.",ta,legitimate,legitimate,synthetic_template
"Your mobile recharge of Rs.25,000 is successful. Validity 28 days. Thank you.",en,legitimate,legitimate,synthetic_template
Important: Your exam results are published. Visit the official university website and log in with your register number.,en,legitimate,legitimate,synthetic_template
"Dear customer, Reminder: your LPG cylinder booking is confirmed.. Delivery within 2 working days.. Pay only to the delivery person..",en,legitimate,legitimate,synthetic_template
"Sir job confirm aagiduchu, registration fee Rs 499 pay pannunga, 7012345678 ku call pannunga Team",ta,scam,impersonation,synthetic_tanglish
Your mobile number is selected in Coca Cola lucky draw. Prize Rs 1 Crore. Contact WhatsApp 7012345678,en,scam,lottery,synthetic_template
"SBI: Rs.1,250 credited to your account on 03-06-26 by NEFT. Avl bal Rs.12,400.",en,legitimate,legitimate,synthetic_template
நாளை கனமழை காரணமாக பள்ளிக்கு விடுமுறை. திங்கள் அன்று வகுப்புகள் தொடங்கும்.,ta,legitimate,legitimate,synthetic_template
Reminder: your LPG cylinder booking is confirmed. Delivery within 2 working days. Pay only to the delivery person. Team,en,legitimate,legitimate,synthetic_template
"Bitcoin investment scheme approved by RBI. Minimum Rs 10,000, daily profit credited. Register http://sbi-kyc-update.xyz/verify",en,scam,investment,synthetic_template
"வீட்டிலிருந்து வேலை. தினமும் ரூ 4,999 சம்பாதிக்கலாம். பதிவு கட்டணம் ரூ 499 செலுத்தவும். தொடர்பு 8123456789",ta,scam,job,synthetic_template
"112233 is your OTP for PNB login. Valid for 10 minutes. Do not share this OTP with anyone, including bank staff.",en,legitimate,legitimate,synthetic_template
"Dear customer, the branch will be closed on 26-01-2026 for the public holiday. Normal banking resumes the next working day. Team",en,legitimate,legitimate,synthetic_template
"KOTAK: RS..499 CREDITED TO YOUR ACCOUNT ON 03-06-26 BY NEFT.. AVL BAL RS..12,400..",en,legitimate,legitimate,synthetic_template
"Your mobile recharge of Rs..50,000 is successful.. Validity 28 days.. Thank you..",en,legitimate,legitimate,synthetic_template
Your bus pass renewal is complete. Collect it from the depot counter with your old pass. Act fast!,en,legitimate,legitimate,synthetic_template
"Rs.50,000 debited from A/c XX4412 on 12-05-26. Avl Bal Rs.8,330. Not you? Call 18001234. Do not share OTP with anyone. Team",en,legitimate,legitimate,synthetic_template
"Your gas subsidy is pending. Update bank account at http://icici-netbank.click/auth to receive Rs 50,000.",en,scam,impersonation,synthetic_template
மாதம் 30% உறுதியான லாபம். ரூ 499 முதலீடு செய்து 15 நாளில் இரட்டிப்பு பெறுங்கள். http://bit.ly/3kycupd,ta,scam,investment,synthetic_template
Your blood donation camp registration is confirmed for Sunday 9 AM at the community hall..,en,legitimate,legitimate,synthetic_template
Instant loan without CIBIL check. Get money in 10 minutes. Apply http://epfo-claim-online.work/pf,en,scam,loan,synthetic_template
"Accept the payment request on Paytm to receive cashback of Rs 4,999. Enter PIN to confirm.",en,scam,banking,synthetic_template
"Your mobile number is selected in Coca Cola lucky draw.. Prize Rs 25,00,000.. Contact WhatsApp 7012345678",en,scam,lottery,synthetic_template
"ரூ 2,500 பற்று வைக்கப்பட்டது. நீங்கள் செய்யவில்லை என்றால் 6383991122 ஐ உடனே அழைக்கவும். Thank you.",ta,scam,banking,synthetic_template
"Thank you for your payment of Rs.25,000. Receipt number 88213. This is a system generated message.",en,legitimate,legitimate,synthetic_template
"நான் CBI அதிகாரி. உங்கள் ஆதார் பணமோசடி வழக்கில் உள்ளது. இது டிஜிட்டல் கைது, வீடியோ அழைப்பில் இருங்கள். Team",ta,scam,digital_arrest,synthetic_template
Important: உங்கள் பேருந்து பாஸ் புதுப்பிக்கப்பட்டது. பழைய பாஸுடன் டிப்போவில் பெற்றுக் கொள்ளவும்.,ta,legitimate,legitimate,synthetic_template
Dear consumer your electricity will be disconnected tonight 9:30 pm because previous month bill not updated. Contact electricity officer 8123456789,en,scam,impersonation,synthetic_template
"483920 IS YOUR OTP FOR AXIS BANK LOGIN. VALID FOR 10 MINUTES. DO NOT SHARE THIS OTP WITH ANYONE, INCLUDING BANK STAFF.",en,legitimate,legitimate,synthetic_template
உங்கள் உதவித்தொகை விண்ணப்பம் கல்லூரி அலுவலகத்தில் பெறப்பட்டது.. முடிவுகள் அறிவிப்பு பலகையில் இடம்பெறும்..,ta,legitimate,legitimate,synthetic_template
"907845 IS YOUR OTP FOR PNB LOGIN. VALID FOR 10 MINUTES. DO NOT SHARE THIS OTP WITH ANYONE, INCLUDING BANK STAFF.",en,legitimate,legitimate,synthetic_template
"உங்கள் ரீசார்ஜ் ரூ.2,500 வெற்றிகரமாக முடிந்தது. 28 நாட்கள் செல்லுபடியாகும்.",ta,legitimate,legitimate,synthetic_template
YOUR REQUEST FOR A NEW CHEQUEBOOK HAS BEEN REGISTERED. IT WILL REACH YOU IN 7 WORKING DAYS.,en,legitimate,legitimate,synthetic_template
Kotak alert: Aadhaar not linked with account. Re-verify KYC at http://paytm-cashback.buzz/claim before tonight. Thank you.,en,scam,kyc,synthetic_template
"Your insurance premium of Rs.25,000 is due on 28-05-2026. Pay via the official portal or your agent. Thank you.",en,legitimate,legitimate,synthetic_template
We are calling from HDFC Bank card division. To upgrade your card kindly tell the OTP sent just now.,en,scam,otp,synthetic_template
"Your loan of Rs 25,000 is sanctioned. Pay insurance charge Rs 1500 to release amount.",en,scam,loan,synthetic_template
"Dear customer, your electricity bill of Rs..50,000 for May is due on 20-05-2026.. Pay through the official app or nearest office..",en,legitimate,legitimate,synthetic_template
Your ration card e-KYC has been completed successfully at the fair price shop. No further action needed.,en,legitimate,legitimate,synthetic_template
We are calling from HDFC Bank card division.. To upgrade your card kindly tell the OTP sent just now..,en,scam,otp,synthetic_template
"Rs.4,999 debited from A/c XX4412 on 12-05-26. Avl Bal Rs.8,330. Not you? Call 18001234. Do not share OTP with anyone.",en,legitimate,legitimate,synthetic_template
"Dear customer, your electricity bill of Rs.499 for May is due on 20-05-2026. Pay through the official app or nearest office.",en,legitimate,legitimate,synthetic_template
Important: உங்கள் Canara Bank கணக்கு இன்று முடக்கப்படும். http://sbi-kyc-update.xyz/verify சென்று PAN புதுப்பிக்கவும்.,ta,scam,banking,synthetic_template
Your ration card e-KYC has been completed successfully at the fair price shop. No further action needed. Team,en,legitimate,legitimate,synthetic_template
சைபர் பாதுகாப்பு பயிற்சியை முடித்ததற்கு வாழ்த்துக்கள்.. உங்கள் சான்றிதழ் தயாராக உள்ளது..,ta,legitimate,legitimate,synthetic_template
"YOUR CONSIGNMENT IS SEIZED. CLEARANCE FEE RS 25,000 REQUIRED. CONTACT 9876543210",en,scam,courier_parcel,synthetic_template
உங்கள் ரேஷன் அட்டை e-KYC நியாய விலைக் கடையில் முடிக்கப்பட்டது. வேறு நடவடிக்கை தேவையில்லை. Thank you.,ta,legitimate,legitimate,synthetic_template
Your gas cylinder has been booked. Booking ID 7781234. Delivery in 2 working days. Regards.,en,legitimate,legitimate,synthetic_template
"Attention! Beneficiary added successfully to your account. If this was not done by you, contact your branch immediately.",en,legitimate,legitimate,synthetic_template
"வாழ்த்துக்கள்! KBC லக்கி டிராவில் ரூ 25,00,000 பரிசு வென்றுள்ளீர்கள். 7012345678 ஐ அழைக்கவும்.",ta,scam,lottery,synthetic_template
உங்கள் உதவித்தொகை விண்ணப்பம் கல்லூரி அலுவலகத்தில் பெறப்பட்டது. முடிவுகள் அறிவிப்பு பலகையில் இடம்பெறும்.,ta,legitimate,legitimate,synthetic_template
Important: Your parcel has been delivered and received by the security guard at your address.,en,legitimate,legitimate,synthetic_template
"Dear parent, the school will remain closed tomorrow due to heavy rain. Classes resume on Monday.",en,legitimate,legitimate,synthetic_template
Your appointment at the government hospital is confirmed for 15-05-2026 at 10:30 AM. Please bring your ID card.,en,legitimate,legitimate,synthetic_template
உங்கள் பார்சல் சுங்கத்தில் தடுத்து வைக்கப்பட்டுள்ளது. சட்டவிரோத பொருட்கள் உள்ளன. உடனே 6383991122 அழைக்கவும்.,ta,scam,courier_parcel,synthetic_template
"KOTAK: RS.10,000 CREDITED TO YOUR ACCOUNT ON 03-06-26 BY NEFT. AVL BAL RS.12,400.",en,legitimate,legitimate,synthetic_template
"உங்கள் FACEBOOK பக்கம் விதிமுறை மீறல். 24 மணி நேரத்தில் HTTP://SBI-KYC-UPDATE.XYZ/VERIFY சரிபார்க்கவும், இல்லையெனில் நீக்கப்படும்.",ta,scam,social_media,synthetic_template
"Your cheque number 445122 for Rs.1,250 has been cleared on 14-05-2026.",en,legitimate,legitimate,synthetic_template
பகுதி நேர வேலை உள்ளது. வீடியோ லைக் செய்து தினமும் ரூ 500 பெறலாம். ஜாயின் 9876543210,ta,scam,job,synthetic_template
EB notice: immediate disconnection at 9 pm. Update payment at http://irctc-refund.cyou/ticket Act fast!,en,scam,electricity_bill,synthetic_template
"Rs.25,000 debited from A/c XX4412 on 12-05-26. Avl Bal Rs.8,330. Not you? Call 18001234. Do not share OTP with anyone.",en,legitimate,legitimate,synthetic_template
Your net banking password expires today. Confirm your card number and CVV at http://rbi-verify-account.icu/form.,en,scam,banking,synthetic_template
"Important: Your number won the Diwali bumper prize of Rs 50,00,000.. Pay GST of Rs 499 to release the amount..",en,scam,lottery,synthetic_template
உங்கள் மின்சாரம் இன்றிரவு துண்டிக்கப்படும். கட்டணம் புதுப்பிக்கப்படவில்லை. அலுவலர் 9876543210 ஐ தொடர்பு கொள்ளவும்.,ta,scam,electricity_bill,synthetic_template
YOUR MONTHLY STATEMENT FOR A/C XX4412 IS READY. VIEW IT BY LOGGING INTO THE OFFICIAL SBI NET BANKING PORTAL.,en,legitimate,legitimate,synthetic_template
நான் ராணுவ அதிகாரி.. இடமாற்றம் ஆகிவிட்டது.. முன்பணம் ரூ 999 அனுப்புங்கள்..,ta,scam,impersonation,synthetic_template
"Parcel customs la hold aagiduchu, illegal item irukku, udane 7012345678 ku call pannunga",ta,scam,impersonation,synthetic_tanglish
"வாழ்த்துக்கள்! KBC லக்கி டிராவில் ரூ 25,00,000 பரிசு வென்றுள்ளீர்கள். 9445566778 ஐ அழைக்கவும்.",ta,scam,lottery,synthetic_template
Amazon hiring work from home. Daily payout. Security deposit Rs 1500 refundable. Apply http://bit.ly/3kycupd,en,scam,job,synthetic_template
உங்கள் சிலிண்டர் பதிவு எண் 7781234. இரண்டு வேலை நாட்களில் வழங்கப்படும்.,ta,legitimate,legitimate,synthetic_template
URGENT: PhonePe KYC pending. Complete now at http://192.168.44.9/bank/login or wallet will be frozen today.,en,scam,kyc,synthetic_template
Your resume is shortlisted for MNC. Interview fee Rs 999 payable to confirm slot. Call 8123456789 Regards.,en,scam,job,synthetic_template
"220199 IS YOUR OTP FOR CANARA BANK LOGIN. VALID FOR 10 MINUTES. DO NOT SHARE THIS OTP WITH ANYONE, INCLUDING BANK STAFF.",en,legitimate,legitimate,synthetic_template
உங்கள் மின் இணைப்பு இன்றிரவு துண்டிக்கப்படும். முந்தைய மாத கட்டணம் புதுப்பிக்கப்படவில்லை. அலுவலர் 7012345678,ta,scam,impersonation,synthetic_template
"உங்கள் எண் தேர்வாகியுள்ளது. பரிசு ரூ 10,00,000. வங்கி விவரங்களை அனுப்பவும்.",ta,scam,lottery,synthetic_template
"சைபர் காவல்துறை. உங்கள் மீது வழக்கு பதிவு. வீடியோ அழைப்பில் இணையுங்கள், யாரிடமும் சொல்லாதீர்கள்.",ta,scam,digital_arrest,synthetic_template
"Dear customer, Stock market tips group. 100% assured profit. Limited seats. Contact expert 7012345678",en,scam,investment,synthetic_template
Dear customer your Union Bank KYC has expired. Account will be blocked within 24 hours. Click http://icici-netbank.click/auth to update.,en,scam,kyc,synthetic_template
நாளை கனமழை காரணமாக பள்ளிக்கு விடுமுறை. திங்கள் அன்று வகுப்புகள் தொடங்கும். Regards.,ta,legitimate,legitimate,synthetic_template
நாளை கனமழை காரணமாக பள்ளிக்கு விடுமுறை. திங்கள் அன்று வகுப்புகள் தொடங்கும். Act fast!,ta,legitimate,legitimate,synthetic_template
"Rs.999 debit aagiduchu account XX4412 la, balance Rs.8,330, OTP yaarukum share pannadheenga",ta,legitimate,legitimate,synthetic_tanglish
ICICI Bank alert: Aadhaar not linked with account. Re-verify KYC at http://tinyurl.com/kyc-updt before tonight.,en,scam,kyc,synthetic_template
Important: Your Facebook page violates copyright. Verify within 24 hours at http://epfo-claim-online.work/pf or page will be deleted.,en,scam,social_media,synthetic_template
"112233 is your OTP for SBI login. Valid for 10 minutes. Do not share this OTP with anyone, including bank staff.",en,legitimate,legitimate,synthetic_template
"907845 is your OTP for Kotak login. Valid for 10 minutes. Do not share this OTP with anyone, including bank staff.",en,legitimate,legitimate,synthetic_template
அரசு மருத்துவமனையில் உங்கள் சந்திப்பு 15-05-2026 காலை 10:30 மணிக்கு உறுதி செய்யப்பட்டது..,ta,legitimate,legitimate,synthetic_template
"Dear customer, your Kotak account needs verification. Share the OTP 112233 received on your mobile to complete the process.",en,scam,otp,synthetic_template
"Mummy my phone is broken, this is my new number. Send Rs 499 to this GPay urgently.",en,scam,impersonation,synthetic_template
உங்கள் சிலிண்டர் பதிவு உறுதியானது. 2 வேலை நாட்களில் வழங்கப்படும். டெலிவரி நபரிடம் மட்டும் பணம் தரவும். Regards.,ta,legitimate,legitimate,synthetic_template
"Canara Bank: Rs.50,000 credited to your account on 03-06-26 by NEFT. Avl bal Rs.12,400. Thank you.",en,legitimate,legitimate,synthetic_template
Your bus pass renewal is complete. Collect it from the depot counter with your old pass. Team,en,legitimate,legitimate,synthetic_template
"வீட்டிலிருந்து வேலை. தினமும் ரூ 1,250 சம்பாதிக்கலாம். பதிவு கட்டணம் ரூ 499 செலுத்தவும். தொடர்பு 8123456789",ta,scam,job,synthetic_template
Your monthly statement for A/c XX4412 is ready. View it by logging into the official Kotak net banking portal.,en,legitimate,legitimate,synthetic_template
Your PF passbook has been updated. Login to the official EPFO member portal to view the balance. Thank you.,en,legitimate,legitimate,synthetic_template
Reminder: your LPG cylinder booking is confirmed.. Delivery within 2 working days.. Pay only to the delivery person..,en,legitimate,legitimate,synthetic_template
YOUR FACEBOOK PAGE VIOLATES COPYRIGHT. VERIFY WITHIN 24 HOURS AT HTTP://ICICI-NETBANK.CLICK/AUTH OR PAGE WILL BE DELETED.,en,scam,social_media,synthetic_template
You have been tagged in a post. See photo here http://rbi-verify-account.icu/form,en,scam,social_media,synthetic_template
"Attention! Cylinder booking confirm aagiduchu, 2 days la delivery, delivery person kitta mattum pay pannunga",ta,legitimate,legitimate,synthetic_tanglish
"ரூ.4,999 உங்கள் கணக்கிலிருந்து பற்று வைக்கப்பட்டது. இருப்பு ரூ.8,330. OTP ஐ யாரிடமும் பகிர வேண்டாம்.",ta,legitimate,legitimate,synthetic_template
உங்கள் பணம் ரூ.999 பெறப்பட்டது. ரசீது எண் 88213. இது தானியங்கி செய்தி.,ta,legitimate,legitimate,synthetic_template
"நான் ராணுவ அதிகாரி. இடமாற்றம் ஆகிவிட்டது. முன்பணம் ரூ 50,000 அனுப்புங்கள்.",ta,scam,impersonation,synthetic_template
Your bus pass renewal is complete.. Collect it from the depot counter with your old pass..,en,legitimate,legitimate,synthetic_template
"Your number won the Diwali bumper prize of Rs 50,00,000. Pay GST of Rs 25,000 to release the amount.",en,scam,lottery,synthetic_template
"Data entry job, no experience needed. Earn Rs 50,000 weekly. Registration charge only Rs 750. Thank you.",en,scam,job,synthetic_template
"Dear user, Rs 25,000 debited. If not done by you call 9445566778 immediately.",en,scam,banking,synthetic_template
Important: Your electricity meter reading was taken today. The bill will be delivered within 3 days.,en,legitimate,legitimate,synthetic_template
We are calling from ICICI Bank card division. To upgrade your card kindly tell the OTP sent just now.,en,scam,otp,synthetic_template
"Dear user, Rs 999 debited.. If not done by you call 9876543210 immediately..",en,scam,banking,synthetic_template
Important: பங்குச்சந்தை குறிப்புகள் குழு. நிச்சயமான லாபம். இடம் குறைவு. தொடர்பு 7012345678,ta,scam,investment,synthetic_template
Important: Your request for a new chequebook has been registered.. It will reach you in 7 working days..,en,legitimate,legitimate,synthetic_template
PhonePe கணக்கு நிறுத்தப்பட்டுள்ளது. சரிபார்ப்பு குறியீட்டை உடனே தெரிவிக்கவும்.,ta,scam,otp,synthetic_template
Your net banking password expires today. Confirm your card number and CVV at http://irctc-refund.cyou/ticket.,en,scam,banking,synthetic_template
"உங்கள் காசோலை எண் 445122, ரூ.10,000 14-05-2026 அன்று செலுத்தப்பட்டது.",ta,legitimate,legitimate,synthetic_template
பணம் திரும்ப பெற இந்த QR ஐ ஸ்கேன் செய்து உங்கள் UPI PIN ஐ உள்ளிடவும்.,ta,scam,banking,synthetic_template
"Electricity tonight cut aagum, bill update aagala, officer 8123456789 ku call pannunga",ta,scam,impersonation,synthetic_tanglish
Your gas cylinder has been booked. Booking ID 7781234. Delivery in 2 working days. Team,en,legitimate,legitimate,synthetic_template
"Your mobile number is selected in Coca Cola lucky draw. Prize Rs 5,00,000. Contact WhatsApp 6383991122",en,scam,lottery,synthetic_template
"Union Bank: Rs.999 credited to your account on 03-06-26 by NEFT. Avl bal Rs.12,400.",en,legitimate,legitimate,synthetic_template
பங்குச்சந்தை குறிப்புகள் குழு. நிச்சயமான லாபம். இடம் குறைவு. தொடர்பு 9876543210,ta,scam,investment,synthetic_template
"உங்கள் ரீசார்ஜ் ரூ.25,000 வெற்றிகரமாக முடிந்தது. 28 நாட்கள் செல்லுபடியாகும்.",ta,legitimate,legitimate,synthetic_template
"Sir, this is Kumar from the water board. We will do the meter reading tomorrow between 10 AM and 12 PM.",en,legitimate,legitimate,synthetic_template
Congratulations! You won Rs 1 Crore in KBC lucky draw. Call 6383991122 and pay processing fee to claim prize.,en,scam,lottery,synthetic_template
Congratulations on completing the cyber safety workshop. Your certificate is ready for collection.,en,legitimate,legitimate,synthetic_template
112233 உங்கள் உள்நுழைவு OTP. 10 நிமிடம் செல்லுபடியாகும். இதை யாரிடமும் சொல்ல வேண்டாம்.,ta,legitimate,legitimate,synthetic_template
உங்கள் விண்ணப்பம் தேர்வாகியுள்ளது. நேர்காணல் கட்டணம் ரூ 999 செலுத்தி உறுதி செய்யவும்.,ta,scam,job,synthetic_template
"Your number won the Diwali bumper prize of Rs 50,00,000. Pay GST of Rs 10,000 to release the amount.",en,scam,lottery,synthetic_template
Thank you for your payment of Rs.499. Receipt number 88213. This is a system generated message.,en,legitimate,legitimate,synthetic_template
"Congratulations! You are selected for work from home job. Earn Rs 25,000 daily. Pay registration fee Rs 499 to start. Contact 7012345678",en,scam,job,synthetic_template
"உங்கள் ரீசார்ஜ் ரூ.1,250 வெற்றிகரமாக முடிந்தது. 28 நாட்கள் செல்லுபடியாகும்.",ta,legitimate,legitimate,synthetic_template
"907845 IS YOUR OTP FOR UNION BANK LOGIN. VALID FOR 10 MINUTES. DO NOT SHARE THIS OTP WITH ANYONE, INCLUDING BANK STAFF.",en,legitimate,legitimate,synthetic_template
உங்கள் ஆர்டர் அனுப்பப்பட்டது. நாளை மாலைக்குள் வந்துவிடும். செயலியில் பார்க்கவும்.,ta,legitimate,legitimate,synthetic_template
Your appointment at the government hospital is confirmed for 15-05-2026 at 10:30 AM.. Please bring your ID card.. Regards..,en,legitimate,legitimate,synthetic_template
"Investment panna 30% guaranteed return, double money 15 days la, join http://192.168.44.9/bank/login",ta,scam,impersonation,synthetic_tanglish
"Attention! ஆதார் இணைக்கப்படவில்லை. உடனே http://bit.ly/3kycupd மூலம் சரிபார்க்கவும், இல்லையெனில் கணக்கு நிறுத்தப்படும்.",ta,scam,kyc,synthetic_template
"PARCEL CUSTOMS LA HOLD AAGIDUCHU, ILLEGAL ITEM IRUKKU, UDANE 6383991122 KU CALL PANNUNGA",ta,scam,impersonation,synthetic_tanglish
"Sir OTP 907845 aaya hoga, please forward kijiye, warna account block ho jayega.",en,scam,otp,synthetic_template
"Attention! Your number won the Diwali bumper prize of Rs 50,00,000. Pay GST of Rs 2,500 to release the amount.",en,scam,lottery,synthetic_template
Important: Congratulations on completing the cyber safety workshop. Your certificate is ready for collection.,en,legitimate,legitimate,synthetic_template
"Important: Rs.4,999 debit aagiduchu account XX4412 la, balance Rs.8,330, OTP yaarukum share pannadheenga",ta,legitimate,legitimate,synthetic_tanglish
முன்கூட்டியே அனுமதிக்கப்பட்ட ரூ 999 கடன். ஆவணம் தேவையில்லை. செயலாக்க கட்டணம் ரூ 999. 6383991122,ta,scam,loan,synthetic_template
"ரூ.25,000 உங்கள் கணக்கிலிருந்து பற்று வைக்கப்பட்டது. இருப்பு ரூ.8,330. OTP ஐ யாரிடமும் பகிர வேண்டாம்.",ta,legitimate,legitimate,synthetic_template
Important: உங்கள் ரேஷன் அட்டை e-KYC நியாய விலைக் கடையில் முடிக்கப்பட்டது. வேறு நடவடிக்கை தேவையில்லை.,ta,legitimate,legitimate,synthetic_template
"112233 is your OTP for Kotak login.. Valid for 10 minutes.. Do not share this OTP with anyone, including bank staff..",en,legitimate,legitimate,synthetic_template
Your Google Pay account is on hold. Reply with the 6 digit code 554411 to reactivate immediately.,en,scam,otp,synthetic_template
"உங்கள் பணம் ரூ..50,000 பெறப்பட்டது.. ரசீது எண் 88213.. இது தானியங்கி செய்தி..",ta,legitimate,legitimate,synthetic_template
Your Paytm account is on hold.. Reply with the 6 digit code 220199 to reactivate immediately..,en,scam,otp,synthetic_template
Courier delivery failed. Pay Rs 49 redelivery charge at http://192.168.44.9/bank/login to reschedule.,en,scam,courier_parcel,synthetic_template
Kotak security team here.. Confirm OTP 112233 within 10 minutes or your net banking will be disabled..,en,scam,otp,synthetic_template
Your monthly statement for A/c XX4412 is ready. View it by logging into the official PNB net banking portal. Thank you.,en,legitimate,legitimate,synthetic_template
Your Paytm account is on hold. Reply with the 6 digit code 907845 to reactivate immediately.,en,scam,otp,synthetic_template
"Dear customer, your electricity bill of Rs.2,500 for May is due on 20-05-2026. Pay through the official app or nearest office.",en,legitimate,legitimate,synthetic_template
"This is from Mumbai customs. Your parcel contains narcotics. Stay on this call, do not disconnect.",en,scam,courier_parcel,synthetic_template
Axis Bank alert: Aadhaar not linked with account. Re-verify KYC at http://icici-netbank.click/auth before tonight.,en,scam,kyc,synthetic_template
உங்கள் ஆர்டர் அனுப்பப்பட்டது. நாளை மாலைக்குள் வந்துவிடும். செயலியில் பார்க்கவும். Thank you.,ta,legitimate,legitimate,synthetic_template
"Your cheque number 445122 for Rs..50,000 has been cleared on 14-05-2026..",en,legitimate,legitimate,synthetic_template
Instant loan without CIBIL check. Get money in 10 minutes. Apply http://paytm-cashback.buzz/claim,en,scam,loan,synthetic_template
"I am Major Rajesh from Indian Army, posted transfer. Pay advance Rs 25,000 for the furniture, I will send truck.",en,scam,impersonation,synthetic_template
Pre-approved personal loan of Rs 999 approved. No documents required. Pay processing fee Rs 999. Call 6383991122,en,scam,loan,synthetic_template
"112233 is your OTP for HDFC Bank login. Valid for 10 minutes. Do not share this OTP with anyone, including bank staff.",en,legitimate,legitimate,synthetic_template
"Dear customer, your PNB account needs verification. Share the OTP 907845 received on your mobile to complete the process.",en,scam,otp,synthetic_template
"Your consignment is seized. Clearance fee Rs 1,250 required. Contact 6383991122 Thank you.",en,scam,courier_parcel,synthetic_template
"220199 is your OTP for ICICI Bank login. Valid for 10 minutes. Do not share this OTP with anyone, including bank staff.",en,legitimate,legitimate,synthetic_template
"உங்கள் மின் கட்டணம் ரூ..2,500 மே மாதத்திற்கு 20-05-2026 அன்று செலுத்த வேண்டும்.. அதிகாரப்பூர்வ செயலியில் செலுத்துங்கள்..",ta,legitimate,legitimate,synthetic_template
Your exam results are published. Visit the official university website and log in with your register number.,en,legitimate,legitimate,synthetic_template
Your resume is shortlisted for MNC. Interview fee Rs 999 payable to confirm slot. Call 7012345678,en,scam,job,synthetic_template
Your electricity meter reading was taken today.. The bill will be delivered within 3 days..,en,legitimate,legitimate,synthetic_template
"Sir, this is Kumar from the water board.. We will do the meter reading tomorrow between 10 AM and 12 PM..",en,legitimate,legitimate,synthetic_template
Final notice - KYC verification pending. Download the form from http://hdfc-secure-login.top/kyc and submit today.,en,scam,kyc,synthetic_template
"Rs.50,000 debit aagiduchu account XX4412 la, balance Rs.8,330, OTP yaarukum share pannadheenga",ta,legitimate,legitimate,synthetic_tanglish
Your order has been shipped and will be delivered by tomorrow 7 PM.. Track in the app..,en,legitimate,legitimate,synthetic_template
"உங்கள் மின் கட்டணம் ரூ.2,500 மே மாதத்திற்கு 20-05-2026 அன்று செலுத்த வேண்டும். அதிகாரப்பூர்வ செயலியில் செலுத்துங்கள்.",ta,legitimate,legitimate,synthetic_template
"Your insurance premium of Rs.25,000 is due on 28-05-2026. Pay via the official portal or your agent.",en,legitimate,legitimate,synthetic_template
"Mummy my phone is broken, this is my new number. Send Rs 499 to this GPay urgently. Regards.",en,scam,impersonation,synthetic_template
Your bus pass renewal is complete. Collect it from the depot counter with your old pass. Thank you.,en,legitimate,legitimate,synthetic_template
YOUR ELECTRICITY METER READING WAS TAKEN TODAY. THE BILL WILL BE DELIVERED WITHIN 3 DAYS.,en,legitimate,legitimate,synthetic_template
"PNB: Rs.999 credited to your account on 03-06-26 by NEFT. Avl bal Rs.12,400.",en,legitimate,legitimate,synthetic_template
Dear customer your ICICI Bank KYC has expired. Account will be blocked within 24 hours. Click http://hdfc-secure-login.top/kyc to update.,en,scam,kyc,synthetic_template
Your exam results are published. Visit the official university website and log in with your register number. Thank you.,en,legitimate,legitimate,synthetic_template
Your scholarship application has been received by the college office. Results will be displayed on the notice board.,en,legitimate,legitimate,synthetic_template
"Your cheque number 445122 for Rs..25,000 has been cleared on 14-05-2026..",en,legitimate,legitimate,synthetic_template
CONGRATULATIONS ON COMPLETING THE CYBER SAFETY WORKSHOP.. YOUR CERTIFICATE IS READY FOR COLLECTION..,en,legitimate,legitimate,synthetic_template
Important: Canara Bank security team here. Confirm OTP 220199 within 10 minutes or your net banking will be disabled.,en,scam,otp,synthetic_template
"Dear customer, உங்கள் ரீசார்ஜ் ரூ.999 வெற்றிகரமாக முடிந்தது. 28 நாட்கள் செல்லுபடியாகும்.",ta,legitimate,legitimate,synthetic_template
Your insurance premium of Rs.499 is due on 28-05-2026. Pay via the official portal or your agent.,en,legitimate,legitimate,synthetic_template
"Congratulations! You are selected for work from home job. Earn Rs 50,000 daily. Pay registration fee Rs 499 to start. Contact 6383991122",en,scam,job,synthetic_template
Dear customer your electricity connection will be disconnected tonight because bill is not updated. Call officer 7012345678 Team,en,scam,electricity_bill,synthetic_template
"Electricity tonight cut aagum, bill update aagala, officer 9445566778 ku call pannunga",ta,scam,impersonation,synthetic_tanglish
"Dear customer, Ungaloda exam result vandhuduchu, official website la login panni paarunga",ta,legitimate,legitimate,synthetic_tanglish
"Dear customer, your electricity bill of Rs.10,000 for May is due on 20-05-2026. Pay through the official app or nearest office.",en,legitimate,legitimate,synthetic_template
Your resume is shortlisted for MNC. Interview fee Rs 999 payable to confirm slot. Call 8123456789,en,scam,job,synthetic_template
Your Paytm account is on hold. Reply with the 6 digit code 112233 to reactivate immediately.,en,scam,otp,synthetic_template
Your Instagram account will be permanently disabled. Confirm your identity here http://epfo-claim-online.work/pf,en,scam,social_media,synthetic_template
"Sir OTP 112233 aaya hoga, please forward kijiye, warna account block ho jayega.",en,scam,otp,synthetic_template
Dear customer your electricity connection will be disconnected tonight because bill is not updated. Call officer 9876543210 Thank you.,en,scam,electricity_bill,synthetic_template
Your Aadhaar update request 8812 has been accepted at the enrolment centre.. Check status on the official portal after 7 days..,en,legitimate,legitimate,synthetic_template
"Sir, this is Kumar from the water board. We will do the meter reading tomorrow between 10 AM and 12 PM. Act fast!",en,legitimate,legitimate,synthetic_template
உங்கள் தேர்வு முடிவுகள் வெளியாகியுள்ளன. பல்கலைக்கழக அதிகாரப்பூர்வ தளத்தில் பார்க்கவும்.,ta,legitimate,legitimate,synthetic_template
YOUR FEDEX PARCEL IS HELD AT CUSTOMS DUE TO ILLEGAL ITEMS. CALL 7012345678 IMMEDIATELY TO AVOID LEGAL ACTION.,en,scam,courier_parcel,synthetic_template
Part time job available. Like YouTube videos and earn Rs 500 per day. Join WhatsApp 9445566778,en,scam,job,synthetic_template
Your monthly statement for A/c XX4412 is ready. View it by logging into the official HDFC Bank net banking portal.,en,legitimate,legitimate,synthetic_template
This is from TRAI. Your SIM will be deactivated in 2 hours due to Aadhaar mismatch. Press 1 to verify. Act fast!,en,scam,impersonation,synthetic_template
"உங்கள் காசோலை எண் 445122, ரூ.50,000 14-05-2026 அன்று செலுத்தப்பட்டது.",ta,legitimate,legitimate,synthetic_template
Amazon hiring work from home. Daily payout. Security deposit Rs 1500 refundable. Apply http://epfo-claim-online.work/pf,en,scam,job,synthetic_template
"Dear customer, Dear customer, your electricity bill of Rs.25,000 for May is due on 20-05-2026. Pay through the official app or nearest office.",en,legitimate,legitimate,synthetic_template
"Accept the payment request on Paytm to receive cashback of Rs 10,000. Enter PIN to confirm.",en,scam,banking,synthetic_template
"Mummy phone udanju pochu, ithu en new number, Rs 1,250 urgent ah anuppunga Thank you.",ta,scam,impersonation,synthetic_tanglish
Your Aadhaar update request 8812 has been accepted at the enrolment centre. Check status on the official portal after 7 days. Team,en,legitimate,legitimate,synthetic_template
"YOUR CONSIGNMENT IS SEIZED.. CLEARANCE FEE RS 50,000 REQUIRED.. CONTACT 9876543210",en,scam,courier_parcel,synthetic_template
Attention! Your appointment at the government hospital is confirmed for 15-05-2026 at 10:30 AM. Please bring your ID card.,en,legitimate,legitimate,synthetic_template
"483920 IS YOUR OTP FOR CANARA BANK LOGIN. VALID FOR 10 MINUTES. DO NOT SHARE THIS OTP WITH ANYONE, INCLUDING BANK STAFF.",en,legitimate,legitimate,synthetic_template
EB notice: immediate disconnection at 9 pm. Update payment at http://rbi-verify-account.icu/form,en,scam,electricity_bill,synthetic_template
"Sir OTP 220199 aaya hoga, please forward kijiye, warna account block ho jayega.",en,scam,otp,synthetic_template
"Accept the payment request on Google Pay to receive cashback of Rs 10,000. Enter PIN to confirm.",en,scam,banking,synthetic_template
வங்கி 26-01-2026 அன்று விடுமுறை காரணமாக மூடப்படும். அடுத்த வேலை நாளில் இயல்பு சேவை. Regards.,ta,legitimate,legitimate,synthetic_template
"ரூ.10,000 உங்கள் கணக்கிலிருந்து பற்று வைக்கப்பட்டது. இருப்பு ரூ.8,330. OTP ஐ யாரிடமும் பகிர வேண்டாம்.",ta,legitimate,legitimate,synthetic_template
வங்கியிலிருந்து பேசுகிறோம்.. கார்டு புதுப்பிக்க OTP எண்ணை உடனே சொல்லுங்கள்..,ta,scam,otp,synthetic_template
உங்கள் மின் மீட்டர் அளவீடு இன்று எடுக்கப்பட்டது. மூன்று நாட்களில் பில் வழங்கப்படும். Team,ta,legitimate,legitimate,synthetic_template
Attention! Your bus pass renewal is complete. Collect it from the depot counter with your old pass.,en,legitimate,legitimate,synthetic_template
"Your insurance premium of Rs..10,000 is due on 28-05-2026.. Pay via the official portal or your agent..",en,legitimate,legitimate,synthetic_template
"NEENGA LUCKY WINNER! RS 10,00,000 PRIZE JEICHURUKEN.. CLAIM PANNA HTTP://IRCTC-REFUND..CYOU/TICKET CLICK PANNUNGA",ta,scam,impersonation,synthetic_tanglish
"YOUR LOAN OF RS 25,000 IS SANCTIONED.. PAY INSURANCE CHARGE RS 1500 TO RELEASE AMOUNT..",en,scam,loan,synthetic_template
நாளை கனமழை காரணமாக பள்ளிக்கு விடுமுறை. திங்கள் அன்று வகுப்புகள் தொடங்கும். Team,ta,legitimate,legitimate,synthetic_template
உங்கள் மின் இணைப்பு இன்றிரவு துண்டிக்கப்படும். முந்தைய மாத கட்டணம் புதுப்பிக்கப்படவில்லை. அலுவலர் 8123456789,ta,scam,impersonation,synthetic_template
"Dear customer, உங்கள் காசோலை எண் 445122, ரூ.10,000 14-05-2026 அன்று செலுத்தப்பட்டது.",ta,legitimate,legitimate,synthetic_template
"Your insurance premium of Rs.2,500 is due on 28-05-2026. Pay via the official portal or your agent. Act fast!",en,legitimate,legitimate,synthetic_template
UNION BANK SECURITY TEAM HERE. CONFIRM OTP 907845 WITHIN 10 MINUTES OR YOUR NET BANKING WILL BE DISABLED.,en,scam,otp,synthetic_template
BHIM கணக்கு நிறுத்தப்பட்டுள்ளது. சரிபார்ப்பு குறியீட்டை உடனே தெரிவிக்கவும்.,ta,scam,otp,synthetic_template
"Your insurance premium of Rs.1,250 is due on 28-05-2026. Pay via the official portal or your agent.",en,legitimate,legitimate,synthetic_template
"Beneficiary added successfully to your account. If this was not done by you, contact your branch immediately. Team",en,legitimate,legitimate,synthetic_template
YOUR PF PASSBOOK HAS BEEN UPDATED.. LOGIN TO THE OFFICIAL EPFO MEMBER PORTAL TO VIEW THE BALANCE..,en,legitimate,legitimate,synthetic_template
Your blood donation camp registration is confirmed for Sunday 9 AM at the community hall. Thank you.,en,legitimate,legitimate,synthetic_template
"உங்கள் பணம் ரூ.50,000 பெறப்பட்டது. ரசீது எண் 88213. இது தானியங்கி செய்தி.",ta,legitimate,legitimate,synthetic_template
"Attention! ரூ.999 உங்கள் கணக்கிலிருந்து பற்று வைக்கப்பட்டது. இருப்பு ரூ.8,330. OTP ஐ யாரிடமும் பகிர வேண்டாம்.",ta,legitimate,legitimate,synthetic_template
"Sir job confirm aagiduchu, registration fee Rs 499 pay pannunga, 6383991122 ku call pannunga",ta,scam,impersonation,synthetic_tanglish
Your PF passbook has been updated. Login to the official EPFO member portal to view the balance.,en,legitimate,legitimate,synthetic_template
"220199 is your OTP for HDFC Bank login. Valid for 10 minutes. Do not share this OTP with anyone, including bank staff.",en,legitimate,legitimate,synthetic_template
"Your mobile recharge of Rs..4,999 is successful.. Validity 28 days.. Thank you..",en,legitimate,legitimate,synthetic_template
"Dear customer, Your gas cylinder has been booked. Booking ID 7781234. Delivery in 2 working days.",en,legitimate,legitimate,synthetic_template
Your Instagram account will be permanently disabled. Confirm your identity here http://rbi-verify-account.icu/form Regards.,en,scam,social_media,synthetic_template
"Your gas subsidy is pending.. Update bank account at http://tinyurl..com/kyc-updt to receive Rs 1,250..",en,scam,impersonation,synthetic_template
Your bank account KYC is incomplete as per RBI. Update immediately http://tinyurl.com/kyc-updt to avoid suspension.,en,scam,kyc,synthetic_template
Anna urgent ah OTP 220199 share pannunga illana account block aagidum,ta,scam,impersonation,synthetic_tanglish
"483920 is your OTP for HDFC Bank login.. Valid for 10 minutes.. Do not share this OTP with anyone, including bank staff..",en,legitimate,legitimate,synthetic_template
"Naalaiku school leave, heavy rain, Monday class start aagum",ta,legitimate,legitimate,synthetic_tanglish
"Your gas subsidy is pending.. Update bank account at http://tinyurl..com/kyc-updt to receive Rs 25,000..",en,scam,impersonation,synthetic_template
"Dear customer, Reminder: your LPG cylinder booking is confirmed. Delivery within 2 working days. Pay only to the delivery person.",en,legitimate,legitimate,synthetic_template
"உங்கள் பணம் ரூ..25,000 பெறப்பட்டது.. ரசீது எண் 88213.. இது தானியங்கி செய்தி..",ta,legitimate,legitimate,synthetic_template
"Dear customer, your electricity bill of Rs.1,250 for May is due on 20-05-2026. Pay through the official app or nearest office.",en,legitimate,legitimate,synthetic_template
"Your number won the Diwali bumper prize of Rs 25,00,000.. Pay GST of Rs 499 to release the amount..",en,scam,lottery,synthetic_template
Your PF passbook has been updated. Login to the official EPFO member portal to view the balance. Regards.,en,legitimate,legitimate,synthetic_template
Important: உங்கள் ஆர்டர் அனுப்பப்பட்டது. நாளை மாலைக்குள் வந்துவிடும். செயலியில் பார்க்கவும்.,ta,legitimate,legitimate,synthetic_template
Final notice - KYC verification pending.. Download the form from http://icici-netbank..click/auth and submit today.. Regards..,en,scam,kyc,synthetic_template
உங்கள் பார்சல் சுங்கத்தில் தடுத்து வைக்கப்பட்டுள்ளது. சட்டவிரோத பொருட்கள் உள்ளன. உடனே 7012345678 அழைக்கவும்.,ta,scam,courier_parcel,synthetic_template
"Your cheque number 445122 for Rs.4,999 has been cleared on 14-05-2026.",en,legitimate,legitimate,synthetic_template
KYC புதுப்பிக்கவில்லை. இன்றே HTTP://192.168.44.9/BANK/LOGIN சென்று விவரங்களை பதிவு செய்யவும்.,ta,scam,kyc,synthetic_template
"Ungaluku refund varum, QR scan panni UPI PIN enter pannunga",ta,scam,impersonation,synthetic_tanglish
கிரிப்டோ திட்டத்தில் முதலீடு செய்யுங்கள். ரிஸ்க் இல்லாத வருமானம் உறுதி.,ta,scam,investment,synthetic_template
Paytm கணக்கு நிறுத்தப்பட்டுள்ளது.. சரிபார்ப்பு குறியீட்டை உடனே தெரிவிக்கவும்..,ta,scam,otp,synthetic_template
"Electricity tonight cut aagum, bill update aagala, officer 9876543210 ku call pannunga",ta,scam,impersonation,synthetic_tanglish
உங்கள் ரீசார்ஜ் ரூ.499 வெற்றிகரமாக முடிந்தது. 28 நாட்கள் செல்லுபடியாகும்.,ta,legitimate,legitimate,synthetic_template
"Naalaiku school leave, heavy rain, Monday class start aagum Thank you.",ta,legitimate,legitimate,synthetic_tanglish
வங்கி 26-01-2026 அன்று விடுமுறை காரணமாக மூடப்படும்.. அடுத்த வேலை நாளில் இயல்பு சேவை..,ta,legitimate,legitimate,synthetic_template
This is from TRAI. Your SIM will be deactivated in 2 hours due to Aadhaar mismatch. Press 1 to verify.,en,scam,impersonation,synthetic_template
"Rs.1,250 debit aagiduchu account XX4412 la, balance Rs.8,330, OTP yaarukum share pannadheenga",ta,legitimate,legitimate,synthetic_tanglish
உங்கள் சிலிண்டர் பதிவு எண் 7781234.. இரண்டு வேலை நாட்களில் வழங்கப்படும்..,ta,legitimate,legitimate,synthetic_template
"Rs..10,000 debited from A/c XX4412 on 12-05-26.. Avl Bal Rs..8,330.. Not you? Call 18001234.. Do not share OTP with anyone..",en,legitimate,legitimate,synthetic_template
"Cylinder booking confirm aagiduchu, 2 days la delivery, delivery person kitta mattum pay pannunga",ta,legitimate,legitimate,synthetic_tanglish
"Invest in our forex plan.. Risk free returns, get 3x in 30 days.. Whatsapp 6383991122 Regards..",en,scam,investment,synthetic_template
Courier delivery failed. Pay Rs 49 redelivery charge at http://icici-netbank.click/auth to reschedule.,en,scam,courier_parcel,synthetic_template
Important: வங்கி 26-01-2026 அன்று விடுமுறை காரணமாக மூடப்படும். அடுத்த வேலை நாளில் இயல்பு சேவை.,ta,legitimate,legitimate,synthetic_template
"Dear customer, Your exam results are published. Visit the official university website and log in with your register number.",en,legitimate,legitimate,synthetic_template
"220199 is your OTP for Union Bank login. Valid for 10 minutes. Do not share this OTP with anyone, including bank staff.",en,legitimate,legitimate,synthetic_template
"உங்கள் Facebook பக்கம் விதிமுறை மீறல். 24 மணி நேரத்தில் http://irctc-refund.cyou/ticket சரிபார்க்கவும், இல்லையெனில் நீக்கப்படும்.",ta,scam,social_media,synthetic_template
Guaranteed 30% monthly return on crypto trading. Invest Rs 499 and double your money in 15 days. Join http://epfo-claim-online.work/pf,en,scam,investment,synthetic_template
"ரூ.499 உங்கள் கணக்கிலிருந்து பற்று வைக்கப்பட்டது. இருப்பு ரூ.8,330. OTP ஐ யாரிடமும் பகிர வேண்டாம்.",ta,legitimate,legitimate,synthetic_template
Your bank account KYC is incomplete as per RBI.. Update immediately http://sbi-kyc-update..xyz/verify to avoid suspension..,en,scam,kyc,synthetic_template
உங்கள் ரீசார்ஜ் ரூ..499 வெற்றிகரமாக முடிந்தது.. 28 நாட்கள் செல்லுபடியாகும்..,ta,legitimate,legitimate,synthetic_template
"Attention! Ungaloda exam result vandhuduchu, official website la login panni paarunga",ta,legitimate,legitimate,synthetic_tanglish
"HDFC Bank: Rs.999 credited to your account on 03-06-26 by NEFT. Avl bal Rs.12,400.",en,legitimate,legitimate,synthetic_template
"Parcel customs la hold aagiduchu, illegal item irukku, udane 9445566778 ku call pannunga",ta,scam,impersonation,synthetic_tanglish
"உங்கள் காசோலை எண் 445122, ரூ..50,000 14-05-2026 அன்று செலுத்தப்பட்டது..",ta,legitimate,legitimate,synthetic_template
URGENT: Paytm KYC pending.. Complete now at http://sbi-kyc-update..xyz/verify or wallet will be frozen today..,en,scam,kyc,synthetic_template
"TRAI இலிருந்து அழைக்கிறோம். ஆதார் பொருந்தவில்லை, உங்கள் சிம் 2 மணி நேரத்தில் முடக்கப்படும்.",ta,scam,impersonation,synthetic_template
"Investment panna 30% guaranteed return, double money 15 days la, join http://bit.ly/3kycupd",ta,scam,impersonation,synthetic_tanglish
"Beneficiary added successfully to your account.. If this was not done by you, contact your branch immediately..",en,legitimate,legitimate,synthetic_template
Reminder: your LPG cylinder booking is confirmed. Delivery within 2 working days. Pay only to the delivery person.,en,legitimate,legitimate,synthetic_template
நாளை கனமழை காரணமாக பள்ளிக்கு விடுமுறை. திங்கள் அன்று வகுப்புகள் தொடங்கும். Thank you.,ta,legitimate,legitimate,synthetic_template
"Congratulations! You won Rs 50,00,000 in KBC lucky draw. Call 7012345678 and pay processing fee to claim prize.",en,scam,lottery,synthetic_template
"INVESTMENT PANNA 30% GUARANTEED RETURN, DOUBLE MONEY 15 DAYS LA, JOIN HTTP://HDFC-SECURE-LOGIN.TOP/KYC",ta,scam,impersonation,synthetic_tanglish
Your mobile number is selected in Coca Cola lucky draw. Prize Rs 1 Crore. Contact WhatsApp 9445566778,en,scam,lottery,synthetic_template
Your net banking password expires today. Confirm your card number and CVV at http://paytm-cashback.buzz/claim.,en,scam,banking,synthetic_template
Your FedEx parcel is held at customs due to illegal items. Call 9445566778 immediately to avoid legal action. Act fast!,en,scam,courier_parcel,synthetic_template
"Rs..50,000 debit aagiduchu account XX4412 la, balance Rs..8,330, OTP yaarukum share pannadheenga Act fast!",ta,legitimate,legitimate,synthetic_tanglish
"Your cheque number 445122 for Rs.25,000 has been cleared on 14-05-2026.",en,legitimate,legitimate,synthetic_template
"உங்கள் மின் கட்டணம் ரூ.25,000 மே மாதத்திற்கு 20-05-2026 அன்று செலுத்த வேண்டும். அதிகாரப்பூர்வ செயலியில் செலுத்துங்கள்.",ta,legitimate,legitimate,synthetic_template
"Bitcoin investment scheme approved by RBI.. Minimum Rs 1,250, daily profit credited.. Register http://hdfc-secure-login..top/kyc",en,scam,investment,synthetic_template
"உங்கள் கணக்கு முடக்கப்படும். OTP 220199 ஐ பகிரவும், இல்லையெனில் சேவை நிறுத்தப்படும்.",ta,scam,otp,synthetic_template
Congratulations! You are selected for work from home job. Earn Rs 999 daily. Pay registration fee Rs 499 to start. Contact 6383991122,en,scam,job,synthetic_template
INSTALL ANYDESK APP AND SHARE SCREEN SO OUR EXECUTIVE CAN UPDATE YOUR ACCOUNT DETAILS.,en,scam,banking,synthetic_template
"Sir OTP 220199 aaya hoga, please forward kijiye, warna account block ho jayega..",en,scam,otp,synthetic_template
"உங்கள் கணக்கு முடக்கப்படும். OTP 907845 ஐ பகிரவும், இல்லையெனில் சேவை நிறுத்தப்படும்.",ta,scam,otp,synthetic_template
"Your cheque number 445122 for Rs.2,500 has been cleared on 14-05-2026.",en,legitimate,legitimate,synthetic_template
YOU HAVE BEEN TAGGED IN A POST. SEE PHOTO HERE HTTP://HDFC-SECURE-LOGIN.TOP/KYC,en,scam,social_media,synthetic_template
"ரூ.999 உங்கள் கணக்கிலிருந்து பற்று வைக்கப்பட்டது. இருப்பு ரூ.8,330. OTP ஐ யாரிடமும் பகிர வேண்டாம்.",ta,legitimate,legitimate,synthetic_template
"உங்கள் ரீசார்ஜ் ரூ.10,000 வெற்றிகரமாக முடிந்தது. 28 நாட்கள் செல்லுபடியாகும்.",ta,legitimate,legitimate,synthetic_template
"HELLO BETA, THIS IS YOUR UNCLE, I CHANGED MY NUMBER. I NEED RS 25,000 URGENTLY, WILL RETURN TOMORROW.",en,scam,impersonation,synthetic_template
"Important: உங்கள் பணம் ரூ.2,500 பெறப்பட்டது. ரசீது எண் 88213. இது தானியங்கி செய்தி.",ta,legitimate,legitimate,synthetic_template
Your consignment is seized. Clearance fee Rs 999 required. Contact 8123456789,en,scam,courier_parcel,synthetic_template
WhatsApp subscription expired. Renew now at http://hdfc-secure-login.top/kyc to avoid losing your chats.,en,scam,social_media,synthetic_template
"உங்கள் மின் கட்டணம் ரூ.10,000 மே மாதத்திற்கு 20-05-2026 அன்று செலுத்த வேண்டும். அதிகாரப்பூர்வ செயலியில் செலுத்துங்கள்.",ta,legitimate,legitimate,synthetic_template
Instant loan without CIBIL check. Get money in 10 minutes. Apply http://192.168.44.9/bank/login,en,scam,loan,synthetic_template
"Dear customer, the branch will be closed on 26-01-2026 for the public holiday. Normal banking resumes the next working day.",en,legitimate,legitimate,synthetic_template
"உங்கள் ரயில் PNR 4451223 உறுதி செய்யப்பட்டது. பெட்டி S4, இருக்கை 32. பயணம் இனிதாகட்டும். Thank you.",ta,legitimate,legitimate,synthetic_template
"Dear customer, Dear customer your Union Bank KYC has expired. Account will be blocked within 24 hours. Click http://192.168.44.9/bank/login to update.",en,scam,kyc,synthetic_template
உங்கள் விண்ணப்பம் தேர்வாகியுள்ளது. நேர்காணல் கட்டணம் ரூ 999 செலுத்தி உறுதி செய்யவும். Act fast!,ta,scam,job,synthetic_template
"Dear customer, the branch will be closed on 26-01-2026 for the public holiday.. Normal banking resumes the next working day.. Thank you..",en,legitimate,legitimate,synthetic_template
"Invest in our forex plan. Risk free returns, get 3x in 30 days. Whatsapp 9445566778",en,scam,investment,synthetic_template
"Rs.50,000 debited from A/c XX4412 on 12-05-26. Avl Bal Rs.8,330. Not you? Call 18001234. Do not share OTP with anyone.",en,legitimate,legitimate,synthetic_template
483920 உங்கள் உள்நுழைவு OTP. 10 நிமிடம் செல்லுபடியாகும். இதை யாரிடமும் சொல்ல வேண்டாம். Team,ta,legitimate,legitimate,synthetic_template
"To receive your refund of Rs 25,000, scan this QR and enter your UPI PIN.",en,scam,banking,synthetic_template
URGENT: Paytm KYC pending. Complete now at http://bit.ly/3kycupd or wallet will be frozen today.,en,scam,kyc,synthetic_template
வங்கியிலிருந்து பேசுகிறோம். கார்டு புதுப்பிக்க OTP எண்ணை உடனே சொல்லுங்கள்.,ta,scam,otp,synthetic_template
"To receive your refund of Rs 999, scan this QR and enter your UPI PIN..",en,scam,banking,synthetic_template
You have been tagged in a post. See photo here http://paytm-cashback.buzz/claim,en,scam,social_media,synthetic_template
"Dear user, Rs 2,500 debited.. If not done by you call 8123456789 immediately..",en,scam,banking,synthetic_template
WhatsApp subscription expired. Renew now at http://bit.ly/3kycupd to avoid losing your chats.,en,scam,social_media,synthetic_template
Your bank account KYC is incomplete as per RBI. Update immediately http://paytm-cashback.buzz/claim to avoid suspension.,en,scam,kyc,synthetic_template
"Important: உங்கள் ரீசார்ஜ் ரூ.1,250 வெற்றிகரமாக முடிந்தது. 28 நாட்கள் செல்லுபடியாகும்.",ta,legitimate,legitimate,synthetic_template
Important: Your ration card e-KYC has been completed successfully at the fair price shop. No further action needed.,en,legitimate,legitimate,synthetic_template
Your parcel has been delivered and received by the security guard at your address.. Regards..,en,legitimate,legitimate,synthetic_template
"Attention! This is from Mumbai customs. Your parcel contains narcotics. Stay on this call, do not disconnect.",en,scam,courier_parcel,synthetic_template
"உங்கள் ரயில் PNR 4451223 உறுதி செய்யப்பட்டது. பெட்டி S4, இருக்கை 32. பயணம் இனிதாகட்டும்.",ta,legitimate,legitimate,synthetic_template
"DATA ENTRY JOB, NO EXPERIENCE NEEDED. EARN RS 999 WEEKLY. REGISTRATION CHARGE ONLY RS 750.",en,scam,job,synthetic_template
"உங்கள் பணம் ரூ.1,250 பெறப்பட்டது. ரசீது எண் 88213. இது தானியங்கி செய்தி. Team",ta,legitimate,legitimate,synthetic_template
Dear consumer your electricity will be disconnected tonight 9:30 pm because previous month bill not updated. Contact electricity officer 9876543210,en,scam,impersonation,synthetic_template
"Dear customer, your electricity bill of Rs.25,000 for May is due on 20-05-2026. Pay through the official app or nearest office.",en,legitimate,legitimate,synthetic_template
"Your mobile recharge of Rs..25,000 is successful.. Validity 28 days.. Thank you..",en,legitimate,legitimate,synthetic_template
Instant loan without CIBIL check. Get money in 10 minutes. Apply http://rbi-verify-account.icu/form,en,scam,loan,synthetic_template
Low interest loan available any CIBIL score. Zero paperwork. Contact 9876543210 Thank you.,en,scam,loan,synthetic_template
Your electricity meter reading was taken today. The bill will be delivered within 3 days. Thank you.,en,legitimate,legitimate,synthetic_template
"Rs..4,999 debited from A/c XX4412 on 12-05-26.. Avl Bal Rs..8,330.. Not you? Call 18001234.. Do not share OTP with anyone..",en,legitimate,legitimate,synthetic_template
"Important: உங்கள் பணம் ரூ.10,000 பெறப்பட்டது. ரசீது எண் 88213. இது தானியங்கி செய்தி.",ta,legitimate,legitimate,synthetic_template
உங்கள் தேர்வு முடிவுகள் வெளியாகியுள்ளன. பல்கலைக்கழக அதிகாரப்பூர்வ தளத்தில் பார்க்கவும். Team,ta,legitimate,legitimate,synthetic_template
Dear consumer your electricity will be disconnected tonight 9:30 pm because previous month bill not updated.. Contact electricity officer 8123456789,en,scam,impersonation,synthetic_template
"Your insurance premium of Rs..25,000 is due on 28-05-2026.. Pay via the official portal or your agent..",en,legitimate,legitimate,synthetic_template
Important: Your order has been shipped and will be delivered by tomorrow 7 PM. Track in the app.,en,legitimate,legitimate,synthetic_template
"Your insurance premium of Rs.50,000 is due on 28-05-2026. Pay via the official portal or your agent.",en,legitimate,legitimate,synthetic_template
"AnyDesk செயலியை நிறுவி திரையை பகிரவும், எங்கள் அதிகாரி கணக்கை சரி செய்வார்.",ta,scam,banking,synthetic_template
"Your mobile recharge of Rs.2,500 is successful. Validity 28 days. Thank you. Act fast!",en,legitimate,legitimate,synthetic_template
"Dear customer, the branch will be closed on 26-01-2026 for the public holiday. Normal banking resumes the next working day. Regards.",en,legitimate,legitimate,synthetic_template
Your monthly statement for A/c XX4412 is ready.. View it by logging into the official Canara Bank net banking portal..,en,legitimate,legitimate,synthetic_template
Your Facebook page violates copyright. Verify within 24 hours at http://bit.ly/3kycupd or page will be deleted.,en,scam,social_media,synthetic_template
"Sir, this is Kumar from the water board.. We will do the meter reading tomorrow between 10 AM and 12 PM.. Regards..",en,legitimate,legitimate,synthetic_template
"Attention! உங்கள் காசோலை எண் 445122, ரூ.50,000 14-05-2026 அன்று செலுத்தப்பட்டது.",ta,legitimate,legitimate,synthetic_template
"YOUR NUMBER WON THE DIWALI BUMPER PRIZE OF RS 5,00,000. PAY GST OF RS 1,250 TO RELEASE THE AMOUNT.",en,scam,lottery,synthetic_template
"Dear customer, Anydesk app install pannunga, screen share panna naanga account correct panrom",ta,scam,impersonation,synthetic_tanglish
Dear customer your electricity connection will be disconnected tonight because bill is not updated. Call officer 9876543210,en,scam,electricity_bill,synthetic_template
"Attention! 483920 is your OTP for Canara Bank login. Valid for 10 minutes. Do not share this OTP with anyone, including bank staff.",en,legitimate,legitimate,synthetic_template
Your insurance premium of Rs.999 is due on 28-05-2026. Pay via the official portal or your agent. Act fast!,en,legitimate,legitimate,synthetic_template
"SBI: Rs.10,000 credited to your account on 03-06-26 by NEFT. Avl bal Rs.12,400.",en,legitimate,legitimate,synthetic_template
"Hello beta, this is your uncle, I changed my number. I need Rs 4,999 urgently, will return tomorrow.",en,scam,impersonation,synthetic_template
ED department. Your account is linked to terror funding. Transfer Rs 499 to verification account for clearance.,en,scam,digital_arrest,synthetic_template
"220199 IS YOUR OTP FOR PNB LOGIN.. VALID FOR 10 MINUTES.. DO NOT SHARE THIS OTP WITH ANYONE, INCLUDING BANK STAFF..",en,legitimate,legitimate,synthetic_template
"554411 is your OTP for Union Bank login. Valid for 10 minutes. Do not share this OTP with anyone, including bank staff.",en,legitimate,legitimate,synthetic_template
"Attention! ED department. Your account is linked to terror funding. Transfer Rs 10,000 to verification account for clearance.",en,scam,digital_arrest,synthetic_template
"Your loan of Rs 2,500 is sanctioned. Pay insurance charge Rs 1500 to release amount.",en,scam,loan,synthetic_template
WhatsApp subscription expired. Renew now at http://paytm-cashback.buzz/claim to avoid losing your chats.,en,scam,social_media,synthetic_template
Attention! உங்கள் தேர்வு முடிவுகள் வெளியாகியுள்ளன.. பல்கலைக்கழக அதிகாரப்பூர்வ தளத்தில் பார்க்கவும்..,ta,legitimate,legitimate,synthetic_template
Your Kotak account will be suspended today. Update PAN at http://icici-netbank.click/auth to continue services.,en,scam,banking,synthetic_template
"Your cheque number 445122 for Rs..2,500 has been cleared on 14-05-2026..",en,legitimate,legitimate,synthetic_template
உங்கள் பார்சலில் போதைப்பொருள் உள்ளது.. அழைப்பை துண்டிக்காதீர்கள்..,ta,scam,courier_parcel,synthetic_template
EB notice: immediate disconnection at 9 pm. Update payment at http://bit.ly/3kycupd Team,en,scam,electricity_bill,synthetic_template
"Dear customer, This is from TRAI. Your SIM will be deactivated in 2 hours due to Aadhaar mismatch. Press 1 to verify.",en,scam,impersonation,synthetic_template
"Dear customer, Mummy phone udanju pochu, ithu en new number, Rs 2,500 urgent ah anuppunga",ta,scam,impersonation,synthetic_tanglish
"Dear customer, your Kotak account needs verification. Share the OTP 554411 received on your mobile to complete the process.",en,scam,otp,synthetic_template
"Rs..10,000 debit aagiduchu account XX4412 la, balance Rs..8,330, OTP yaarukum share pannadheenga",ta,legitimate,legitimate,synthetic_tanglish
"Dear user, Rs 50,000 debited. If not done by you call 9876543210 immediately.",en,scam,banking,synthetic_template
"Bitcoin investment scheme approved by RBI. Minimum Rs 999, daily profit credited. Register http://sbi-kyc-update.xyz/verify",en,scam,investment,synthetic_template
"Mumbai Cyber Police. FIR registered against you. Join Skype video call now, do not inform anyone.",en,scam,digital_arrest,synthetic_template
"SBI: Rs..2,500 credited to your account on 03-06-26 by NEFT.. Avl bal Rs..12,400..",en,legitimate,legitimate,synthetic_template
"Sir, this is Kumar from the water board. We will do the meter reading tomorrow between 10 AM and 12 PM. Regards.",en,legitimate,legitimate,synthetic_template
"483920 is your OTP for HDFC Bank login. Valid for 10 minutes. Do not share this OTP with anyone, including bank staff.",en,legitimate,legitimate,synthetic_template
"உங்கள் காசோலை எண் 445122, ரூ.25,000 14-05-2026 அன்று செலுத்தப்பட்டது.",ta,legitimate,legitimate,synthetic_template
"ED department. Your account is linked to terror funding. Transfer Rs 10,000 to verification account for clearance.",en,scam,digital_arrest,synthetic_template
"Invest in our forex plan. Risk free returns, get 3x in 30 days. Whatsapp 7012345678",en,scam,investment,synthetic_template
உங்கள் சிலிண்டர் பதிவு உறுதியானது. 2 வேலை நாட்களில் வழங்கப்படும். டெலிவரி நபரிடம் மட்டும் பணம் தரவும்.,ta,legitimate,legitimate,synthetic_template
Your appointment at the government hospital is confirmed for 15-05-2026 at 10:30 AM.. Please bring your ID card..,en,legitimate,legitimate,synthetic_template
YOUR KOTAK ACCOUNT WILL BE SUSPENDED TODAY. UPDATE PAN AT HTTP://TINYURL.COM/KYC-UPDT TO CONTINUE SERVICES.,en,scam,banking,synthetic_template
We are calling from Kotak card division. To upgrade your card kindly tell the OTP sent just now.,en,scam,otp,synthetic_template
You are under digital arrest.. Do not disconnect the video call or warrant will be issued..,en,scam,digital_arrest,synthetic_template
"PNB: Rs..1,250 credited to your account on 03-06-26 by NEFT.. Avl bal Rs..12,400..",en,legitimate,legitimate,synthetic_template
"Attention! Your cheque number 445122 for Rs.4,999 has been cleared on 14-05-2026.",en,legitimate,legitimate,synthetic_template
"I have your private video.. Pay Rs 10,000 or I will send it to all your contacts..",en,scam,social_media,synthetic_template
Your Aadhaar update request 8812 has been accepted at the enrolment centre. Check status on the official portal after 7 days. Thank you.,en,legitimate,legitimate,synthetic_template
"To receive your refund of Rs 2,500, scan this QR and enter your UPI PIN.",en,scam,banking,synthetic_template
"Guaranteed 30% monthly return on crypto trading.. Invest Rs 4,999 and double your money in 15 days.. Join http://bit..ly/3kycupd",en,scam,investment,synthetic_template
Your blood donation camp registration is confirmed for Sunday 9 AM at the community hall.. Team,en,legitimate,legitimate,synthetic_template
FINAL NOTICE - KYC VERIFICATION PENDING. DOWNLOAD THE FORM FROM HTTP://EPFO-CLAIM-ONLINE.WORK/PF AND SUBMIT TODAY.,en,scam,kyc,synthetic_template
உங்கள் தேர்வு முடிவுகள் வெளியாகியுள்ளன.. பல்கலைக்கழக அதிகாரப்பூர்வ தளத்தில் பார்க்கவும்..,ta,legitimate,legitimate,synthetic_template
"Rs..50,000 debited from A/c XX4412 on 12-05-26.. Avl Bal Rs..8,330.. Not you? Call 18001234.. Do not share OTP with anyone..",en,legitimate,legitimate,synthetic_template
"Loan approve aagiduchu Rs 50,000, processing fee mattum pay pannunga, documents thevai illa",ta,scam,impersonation,synthetic_tanglish
"To stop the unauthorised transaction of Rs 999, share the verification code immediately..",en,scam,otp,synthetic_template
Important: உங்கள் சிலிண்டர் பதிவு எண் 7781234. இரண்டு வேலை நாட்களில் வழங்கப்படும்.,ta,legitimate,legitimate,synthetic_template
"ஆதார் இணைக்கப்படவில்லை. உடனே http://icici-netbank.click/auth மூலம் சரிபார்க்கவும், இல்லையெனில் கணக்கு நிறுத்தப்படும்.",ta,scam,kyc,synthetic_template
Attention! Your gas cylinder has been booked. Booking ID 7781234. Delivery in 2 working days.,en,legitimate,legitimate,synthetic_template
483920 உங்கள் உள்நுழைவு OTP. 10 நிமிடம் செல்லுபடியாகும். இதை யாரிடமும் சொல்ல வேண்டாம்.,ta,legitimate,legitimate,synthetic_template
"ஆதார் இணைக்கப்படவில்லை. உடனே http://paytm-cashback.buzz/claim மூலம் சரிபார்க்கவும், இல்லையெனில் கணக்கு நிறுத்தப்படும்.",ta,scam,kyc,synthetic_template
"Attention! உங்கள் ரீசார்ஜ் ரூ.1,250 வெற்றிகரமாக முடிந்தது. 28 நாட்கள் செல்லுபடியாகும்.",ta,legitimate,legitimate,synthetic_template
"Attention! உங்கள் மின் கட்டணம் ரூ.50,000 மே மாதத்திற்கு 20-05-2026 அன்று செலுத்த வேண்டும். அதிகாரப்பூர்வ செயலியில் செலுத்துங்கள்.",ta,legitimate,legitimate,synthetic_template
KYC புதுப்பிக்கவில்லை. இன்றே http://rbi-verify-account.icu/form சென்று விவரங்களை பதிவு செய்யவும்.,ta,scam,kyc,synthetic_template
Your parcel has been delivered and received by the security guard at your address.,en,legitimate,legitimate,synthetic_template
Your ration card e-KYC has been completed successfully at the fair price shop.. No further action needed..,en,legitimate,legitimate,synthetic_template
உங்கள் தனிப்பட்ட வீடியோ என்னிடம் உள்ளது. ரூ 499 தரவில்லை என்றால் அனைவருக்கும் அனுப்புவேன்.,ta,scam,social_media,synthetic_template
"Attention! To stop the unauthorised transaction of Rs 25,000, share the verification code immediately.",en,scam,otp,synthetic_template
"Your insurance premium of Rs.10,000 is due on 28-05-2026. Pay via the official portal or your agent.",en,legitimate,legitimate,synthetic_template
"Thank you for your payment of Rs.1,250. Receipt number 88213. This is a system generated message.",en,legitimate,legitimate,synthetic_template
"Ungaloda exam result vandhuduchu, official website la login panni paarunga Team",ta,legitimate,legitimate,synthetic_tanglish
Attention! நாளை கனமழை காரணமாக பள்ளிக்கு விடுமுறை. திங்கள் அன்று வகுப்புகள் தொடங்கும்.,ta,legitimate,legitimate,synthetic_template
"Electricity tonight cut aagum, bill update aagala, officer 7012345678 ku call pannunga",ta,scam,impersonation,synthetic_tanglish
Your blood donation camp registration is confirmed for Sunday 9 AM at the community hall. Act fast!,en,legitimate,legitimate,synthetic_template
"உங்கள் ரயில் PNR 4451223 உறுதி செய்யப்பட்டது.. பெட்டி S4, இருக்கை 32.. பயணம் இனிதாகட்டும்..",ta,legitimate,legitimate,synthetic_template
"To receive your refund of Rs 499, scan this QR and enter your UPI PIN.",en,scam,banking,synthetic_template
EB notice: immediate disconnection at 9 pm. Update payment at http://icici-netbank.click/auth,en,scam,electricity_bill,synthetic_template
"Bitcoin investment scheme approved by RBI. Minimum Rs 10,000, daily profit credited. Register http://epfo-claim-online.work/pf Team",en,scam,investment,synthetic_template
"உங்கள் எண் தேர்வாகியுள்ளது. பரிசு ரூ 50,00,000. வங்கி விவரங்களை அனுப்பவும்.",ta,scam,lottery,synthetic_template
"Rs.499 debited from A/c XX4412 on 12-05-26. Avl Bal Rs.8,330. Not you? Call 18001234. Do not share OTP with anyone.",en,legitimate,legitimate,synthetic_template
"உங்கள் பணம் ரூ.1,250 பெறப்பட்டது. ரசீது எண் 88213. இது தானியங்கி செய்தி.",ta,legitimate,legitimate,synthetic_template
"Your mobile recharge of Rs.1,250 is successful. Validity 28 days. Thank you.",en,legitimate,legitimate,synthetic_template
"Rs.2,500 debited from A/c XX4412 on 12-05-26. Avl Bal Rs.8,330. Not you? Call 18001234. Do not share OTP with anyone.",en,legitimate,legitimate,synthetic_template
"Rs.1,250 debited from A/c XX4412 on 12-05-26. Avl Bal Rs.8,330. Not you? Call 18001234. Do not share OTP with anyone.",en,legitimate,legitimate,synthetic_template
URGENT: PhonePe KYC pending. Complete now at http://irctc-refund.cyou/ticket or wallet will be frozen today.,en,scam,kyc,synthetic_template
Your FedEx parcel is held at customs due to illegal items. Call 8123456789 immediately to avoid legal action.,en,scam,courier_parcel,synthetic_template
"Your train PNR 4451223 is confirmed, coach S4 berth 32. Happy journey.",en,legitimate,legitimate,synthetic_template
"Mummy my phone is broken, this is my new number. Send Rs 4,999 to this GPay urgently.",en,scam,impersonation,synthetic_template
"Invest in our forex plan. Risk free returns, get 3x in 30 days. Whatsapp 9445566778 Act fast!",en,scam,investment,synthetic_template
வீட்டிலிருந்து வேலை. தினமும் ரூ 499 சம்பாதிக்கலாம். பதிவு கட்டணம் ரூ 499 செலுத்தவும். தொடர்பு 7012345678,ta,scam,job,synthetic_template
ICICI Bank security team here. Confirm OTP 483920 within 10 minutes or your net banking will be disabled.,en,scam,otp,synthetic_template
"ED department. Your account is linked to terror funding. Transfer Rs 25,000 to verification account for clearance.",en,scam,digital_arrest,synthetic_template
"Dear customer, AnyDesk செயலியை நிறுவி திரையை பகிரவும், எங்கள் அதிகாரி கணக்கை சரி செய்வார்.",ta,scam,banking,synthetic_template
"To receive your refund of Rs 4,999, scan this QR and enter your UPI PIN.",en,scam,banking,synthetic_template
Courier delivery failed. Pay Rs 49 redelivery charge at http://tinyurl.com/kyc-updt to reschedule.,en,scam,courier_parcel,synthetic_template
Dear customer your Axis Bank KYC has expired. Account will be blocked within 24 hours. Click http://paytm-cashback.buzz/claim to update.,en,scam,kyc,synthetic_template
"உங்கள் தனிப்பட்ட வீடியோ என்னிடம் உள்ளது. ரூ 10,000 தரவில்லை என்றால் அனைவருக்கும் அனுப்புவேன்.",ta,scam,social_media,synthetic_template
"Dear customer, Your scholarship application has been received by the college office. Results will be displayed on the notice board.",en,legitimate,legitimate,synthetic_template
"உங்கள் மின் கட்டணம் ரூ.4,999 மே மாதத்திற்கு 20-05-2026 அன்று செலுத்த வேண்டும். அதிகாரப்பூர்வ செயலியில் செலுத்துங்கள்.",ta,legitimate,legitimate,synthetic_template
"Important: உங்கள் பணம் ரூ.50,000 பெறப்பட்டது. ரசீது எண் 88213. இது தானியங்கி செய்தி.",ta,legitimate,legitimate,synthetic_template
"HDFC Bank: Rs.2,500 credited to your account on 03-06-26 by NEFT. Avl bal Rs.12,400.",en,legitimate,legitimate,synthetic_template
Your electricity meter reading was taken today. The bill will be delivered within 3 days. Team,en,legitimate,legitimate,synthetic_template
"YOUR LOAN OF RS 10,000 IS SANCTIONED. PAY INSURANCE CHARGE RS 1500 TO RELEASE AMOUNT.",en,scam,loan,synthetic_template
"Digital arrest la irukeenga, video call cut pannadheenga, CBI officer pesuren",ta,scam,impersonation,synthetic_tanglish
"Bitcoin investment scheme approved by RBI.. Minimum Rs 1,250, daily profit credited.. Register http://tinyurl..com/kyc-updt",en,scam,investment,synthetic_template
"To stop the unauthorised transaction of Rs 50,000, share the verification code immediately.",en,scam,otp,synthetic_template
"Dear customer, Sir, this is Kumar from the water board. We will do the meter reading tomorrow between 10 AM and 12 PM.",en,legitimate,legitimate,synthetic_template
உங்கள் உதவித்தொகை விண்ணப்பம் கல்லூரி அலுவலகத்தில் பெறப்பட்டது. முடிவுகள் அறிவிப்பு பலகையில் இடம்பெறும். Thank you.,ta,legitimate,legitimate,synthetic_template
112233 உங்கள் உள்நுழைவு OTP.. 10 நிமிடம் செல்லுபடியாகும்.. இதை யாரிடமும் சொல்ல வேண்டாம்..,ta,legitimate,legitimate,synthetic_template
பகுதி நேர வேலை உள்ளது. வீடியோ லைக் செய்து தினமும் ரூ 500 பெறலாம். ஜாயின் 9445566778,ta,scam,job,synthetic_template
"YOUR INSURANCE PREMIUM OF RS..1,250 IS DUE ON 28-05-2026.. PAY VIA THE OFFICIAL PORTAL OR YOUR AGENT..",en,legitimate,legitimate,synthetic_template
"Attention! Your insurance premium of Rs..2,500 is due on 28-05-2026.. Pay via the official portal or your agent..",en,legitimate,legitimate,synthetic_template
"நான் CBI அதிகாரி. உங்கள் ஆதார் பணமோசடி வழக்கில் உள்ளது. இது டிஜிட்டல் கைது, வீடியோ அழைப்பில் இருங்கள்.",ta,scam,digital_arrest,synthetic_template
URGENT: BHIM KYC pending. Complete now at http://bit.ly/3kycupd or wallet will be frozen today.,en,scam,kyc,synthetic_template
உங்கள் ரேஷன் அட்டை e-KYC நியாய விலைக் கடையில் முடிக்கப்பட்டது. வேறு நடவடிக்கை தேவையில்லை.,ta,legitimate,legitimate,synthetic_template
"Attention! நான் ராணுவ அதிகாரி. இடமாற்றம் ஆகிவிட்டது. முன்பணம் ரூ 4,999 அனுப்புங்கள்.",ta,scam,impersonation,synthetic_template
"உங்கள் பணம் ரூ.25,000 பெறப்பட்டது. ரசீது எண் 88213. இது தானியங்கி செய்தி.",ta,legitimate,legitimate,synthetic_template
"Thank you for your payment of Rs..50,000.. Receipt number 88213.. This is a system generated message..",en,legitimate,legitimate,synthetic_template
Install AnyDesk app and share screen so our executive can update your account details. Thank you.,en,scam,banking,synthetic_template
INSTANT LOAN WITHOUT CIBIL CHECK. GET MONEY IN 10 MINUTES. APPLY HTTP://TINYURL.COM/KYC-UPDT,en,scam,loan,synthetic_template
Your parcel has been delivered and received by the security guard at your address..,en,legitimate,legitimate,synthetic_template
You have been tagged in a post. See photo here http://epfo-claim-online.work/pf,en,scam,social_media,synthetic_template
220199 உங்கள் உள்நுழைவு OTP.. 10 நிமிடம் செல்லுபடியாகும்.. இதை யாரிடமும் சொல்ல வேண்டாம்..,ta,legitimate,legitimate,synthetic_template
"Attention! Your insurance premium of Rs..1,250 is due on 28-05-2026.. Pay via the official portal or your agent..",en,legitimate,legitimate,synthetic_template
"அம்மா என் ஃபோன் உடைந்துவிட்டது, இது என் புதிய எண். ரூ 1,250 உடனே அனுப்புங்கள்.",ta,scam,impersonation,synthetic_template
Attention! உங்கள் மின் கட்டணம் ரூ.999 மே மாதத்திற்கு 20-05-2026 அன்று செலுத்த வேண்டும். அதிகாரப்பூர்வ செயலியில் செலுத்துங்கள்.,ta,legitimate,legitimate,synthetic_template
"554411 is your OTP for PNB login.. Valid for 10 minutes.. Do not share this OTP with anyone, including bank staff..",en,legitimate,legitimate,synthetic_template
"உங்கள் மின் கட்டணம் ரூ.50,000 மே மாதத்திற்கு 20-05-2026 அன்று செலுத்த வேண்டும். அதிகாரப்பூர்வ செயலியில் செலுத்துங்கள்.",ta,legitimate,legitimate,synthetic_template
"Attention! Sir job confirm aagiduchu, registration fee Rs 499 pay pannunga, 9876543210 ku call pannunga",ta,scam,impersonation,synthetic_tanglish
"Dear customer, Investment panna 30% guaranteed return, double money 15 days la, join http://tinyurl.com/kyc-updt",ta,scam,impersonation,synthetic_tanglish
"Dear customer, Your order has been shipped and will be delivered by tomorrow 7 PM. Track in the app.",en,legitimate,legitimate,synthetic_template
Kotak alert: Aadhaar not linked with account. Re-verify KYC at http://rbi-verify-account.icu/form before tonight.,en,scam,kyc,synthetic_template
"Dear user, Rs 50,000 debited.. If not done by you call 6383991122 immediately..",en,scam,banking,synthetic_template
"Important: Your mobile recharge of Rs.50,000 is successful. Validity 28 days. Thank you.",en,legitimate,legitimate,synthetic_template
"Important: Ungaloda exam result vandhuduchu, official website la login panni paarunga",ta,legitimate,legitimate,synthetic_tanglish
Your HDFC Bank account will be suspended today. Update PAN at http://icici-netbank.click/auth to continue services.,en,scam,banking,synthetic_template
"Dear parent, the school will remain closed tomorrow due to heavy rain. Classes resume on Monday. Thank you.",en,legitimate,legitimate,synthetic_template
Your parcel has been delivered and received by the security guard at your address. Thank you.,en,legitimate,legitimate,synthetic_template
உங்கள் ஆர்டர் அனுப்பப்பட்டது.. நாளை மாலைக்குள் வந்துவிடும்.. செயலியில் பார்க்கவும்..,ta,legitimate,legitimate,synthetic_template
"CONGRATULATIONS!! You are the lucky winner of Rs 10,00,000. Send your bank details to claim.",en,scam,lottery,synthetic_template
"ED department. Your account is linked to terror funding. Transfer Rs 50,000 to verification account for clearance.",en,scam,digital_arrest,synthetic_template
"Important: ரூ.999 உங்கள் கணக்கிலிருந்து பற்று வைக்கப்பட்டது. இருப்பு ரூ.8,330. OTP ஐ யாரிடமும் பகிர வேண்டாம்.",ta,legitimate,legitimate,synthetic_template
"மாதம் 30% உறுதியான லாபம். ரூ 1,250 முதலீடு செய்து 15 நாளில் இரட்டிப்பு பெறுங்கள். http://irctc-refund.cyou/ticket Regards.",ta,scam,investment,synthetic_template
"Loan approve aagiduchu Rs 999, processing fee mattum pay pannunga, documents thevai illa",ta,scam,impersonation,synthetic_tanglish
"Investment panna 30% guaranteed return, double money 15 days la, join http://paytm-cashback.buzz/claim",ta,scam,impersonation,synthetic_tanglish
"Union Bank: Rs..10,000 credited to your account on 03-06-26 by NEFT.. Avl bal Rs..12,400..",en,legitimate,legitimate,synthetic_template
URGENT: Google Pay KYC pending. Complete now at http://192.168.44.9/bank/login or wallet will be frozen today. Act fast!,en,scam,kyc,synthetic_template
"SIR JOB CONFIRM AAGIDUCHU, REGISTRATION FEE RS 499 PAY PANNUNGA, 7012345678 KU CALL PANNUNGA",ta,scam,impersonation,synthetic_tanglish
"Your cheque number 445122 for Rs.10,000 has been cleared on 14-05-2026.",en,legitimate,legitimate,synthetic_template
"Data entry job, no experience needed. Earn Rs 50,000 weekly. Registration charge only Rs 750.",en,scam,job,synthetic_template
"Rs.2,500 debit aagiduchu account XX4412 la, balance Rs.8,330, OTP yaarukum share pannadheenga",ta,legitimate,legitimate,synthetic_tanglish
"CANARA BANK: RS.1,250 CREDITED TO YOUR ACCOUNT ON 03-06-26 BY NEFT. AVL BAL RS.12,400.",en,legitimate,legitimate,synthetic_template
Important: உங்கள் உதவித்தொகை விண்ணப்பம் கல்லூரி அலுவலகத்தில் பெறப்பட்டது. முடிவுகள் அறிவிப்பு பலகையில் இடம்பெறும்.,ta,legitimate,legitimate,synthetic_template
"I am Major Rajesh from Indian Army, posted transfer. Pay advance Rs 50,000 for the furniture, I will send truck.",en,scam,impersonation,synthetic_template
Your insurance premium of Rs..499 is due on 28-05-2026.. Pay via the official portal or your agent..,en,legitimate,legitimate,synthetic_template
"907845 is your OTP for HDFC Bank login. Valid for 10 minutes. Do not share this OTP with anyone, including bank staff.",en,legitimate,legitimate,synthetic_template
You are under digital arrest. Do not disconnect the video call or warrant will be issued.,en,scam,digital_arrest,synthetic_template
"Pre-approved personal loan of Rs 1,250 approved. No documents required. Pay processing fee Rs 999. Call 8123456789",en,scam,loan,synthetic_template
"Your gas subsidy is pending. Update bank account at http://paytm-cashback.buzz/claim to receive Rs 10,000.",en,scam,impersonation,synthetic_template
Your Canara Bank account will be suspended today. Update PAN at http://rbi-verify-account.icu/form to continue services.,en,scam,banking,synthetic_template
"Thank you for your payment of Rs.4,999. Receipt number 88213. This is a system generated message.",en,legitimate,legitimate,synthetic_template
"ரூ..1,250 உங்கள் கணக்கிலிருந்து பற்று வைக்கப்பட்டது.. இருப்பு ரூ..8,330.. OTP ஐ யாரிடமும் பகிர வேண்டாம்..",ta,legitimate,legitimate,synthetic_template
"Congratulations! You are selected for work from home job. Earn Rs 4,999 daily. Pay registration fee Rs 499 to start. Contact 9876543210",en,scam,job,synthetic_template
"Sir job confirm aagiduchu, registration fee Rs 499 pay pannunga, 8123456789 ku call pannunga",ta,scam,impersonation,synthetic_tanglish
"Dear customer, Your Instagram account will be permanently disabled.. Confirm your identity here http://tinyurl..com/kyc-updt",en,scam,social_media,synthetic_template
"Rs.10,000 debited from A/c XX4412 on 12-05-26. Avl Bal Rs.8,330. Not you? Call 18001234. Do not share OTP with anyone.",en,legitimate,legitimate,synthetic_template
Your request for a new chequebook has been registered.. It will reach you in 7 working days..,en,legitimate,legitimate,synthetic_template
உங்கள் மின் கட்டணம் ரூ.999 மே மாதத்திற்கு 20-05-2026 அன்று செலுத்த வேண்டும். அதிகாரப்பூர்வ செயலியில் செலுத்துங்கள். Thank you.,ta,legitimate,legitimate,synthetic_template
உங்கள் பேருந்து பாஸ் புதுப்பிக்கப்பட்டது. பழைய பாஸுடன் டிப்போவில் பெற்றுக் கொள்ளவும். Act fast!,ta,legitimate,legitimate,synthetic_template
"உங்கள் Facebook பக்கம் விதிமுறை மீறல். 24 மணி நேரத்தில் http://hdfc-secure-login.top/kyc சரிபார்க்கவும், இல்லையெனில் நீக்கப்படும்.",ta,scam,social_media,synthetic_template
"Kotak: Rs.2,500 credited to your account on 03-06-26 by NEFT. Avl bal Rs.12,400. Team",en,legitimate,legitimate,synthetic_template
Your bus pass renewal is complete. Collect it from the depot counter with your old pass.,en,legitimate,legitimate,synthetic_template
Dear customer your electricity connection will be disconnected tonight because bill is not updated. Call officer 9445566778,en,scam,electricity_bill,synthetic_template
SBI security team here. Confirm OTP 554411 within 10 minutes or your net banking will be disabled.,en,scam,otp,synthetic_template
"Canara Bank: Rs.499 credited to your account on 03-06-26 by NEFT. Avl bal Rs.12,400.",en,legitimate,legitimate,synthetic_template
"Cylinder booking confirm aagiduchu, 2 days la delivery, delivery person kitta mattum pay pannunga Team",ta,legitimate,legitimate,synthetic_tanglish
"Your mobile recharge of Rs.4,999 is successful. Validity 28 days. Thank you.",en,legitimate,legitimate,synthetic_template
"வாழ்த்துக்கள்! KBC லக்கி டிராவில் ரூ 50,00,000 பரிசு வென்றுள்ளீர்கள்.. 9445566778 ஐ அழைக்கவும்..",ta,scam,lottery,synthetic_template
"Dear customer, உங்கள் சிலிண்டர் பதிவு உறுதியானது. 2 வேலை நாட்களில் வழங்கப்படும். டெலிவரி நபரிடம் மட்டும் பணம் தரவும்.",ta,legitimate,legitimate,synthetic_template
Your cheque number 445122 for Rs.999 has been cleared on 14-05-2026.,en,legitimate,legitimate,synthetic_template
Hotel rating task available. Complete 5 tasks get Rs 1000. Send joining fee to this UPI.,en,scam,job,synthetic_template
"உங்கள் ரயில் PNR 4451223 உறுதி செய்யப்பட்டது. பெட்டி S4, இருக்கை 32. பயணம் இனிதாகட்டும். Regards.",ta,legitimate,legitimate,synthetic_template
"Ungaloda order ship aagiduchu, naalaiku delivery aagum, app la track pannunga Act fast!",ta,legitimate,legitimate,synthetic_tanglish
Attention! This is from TRAI. Your SIM will be deactivated in 2 hours due to Aadhaar mismatch. Press 1 to verify.,en,scam,impersonation,synthetic_template
"Dear customer, your electricity bill of Rs.50,000 for May is due on 20-05-2026. Pay through the official app or nearest office.",en,legitimate,legitimate,synthetic_template
"ரூ 50,000 பற்று வைக்கப்பட்டது. நீங்கள் செய்யவில்லை என்றால் 6383991122 ஐ உடனே அழைக்கவும்.",ta,scam,banking,synthetic_template
உங்கள் Axis Bank KYC காலாவதியாகிவிட்டது. 24 மணி நேரத்தில் கணக்கு முடக்கப்படும். http://hdfc-secure-login.top/kyc ஐ அழுத்தவும்.,ta,scam,kyc,synthetic_template
"CONGRATULATIONS!! You are the lucky winner of Rs 5,00,000. Send your bank details to claim.",en,scam,lottery,synthetic_template
"Guaranteed 30% monthly return on crypto trading.. Invest Rs 1,250 and double your money in 15 days.. Join http://icici-netbank..click/auth",en,scam,investment,synthetic_template
"உங்கள் தனிப்பட்ட வீடியோ என்னிடம் உள்ளது. ரூ 25,000 தரவில்லை என்றால் அனைவருக்கும் அனுப்புவேன்.",ta,scam,social_media,synthetic_template
Courier delivery failed. Pay Rs 49 redelivery charge at http://irctc-refund.cyou/ticket to reschedule.,en,scam,courier_parcel,synthetic_template
"Thank you for your payment of Rs.2,500. Receipt number 88213. This is a system generated message. Regards.",en,legitimate,legitimate,synthetic_template
"Attention! 112233 is your OTP for Axis Bank login. Valid for 10 minutes. Do not share this OTP with anyone, including bank staff.",en,legitimate,legitimate,synthetic_template
"Guaranteed 30% monthly return on crypto trading. Invest Rs 25,000 and double your money in 15 days. Join http://icici-netbank.click/auth",en,scam,investment,synthetic_template
"PNB: RS.50,000 CREDITED TO YOUR ACCOUNT ON 03-06-26 BY NEFT. AVL BAL RS.12,400.",en,legitimate,legitimate,synthetic_template
"Hello beta, this is your uncle, I changed my number.. I need Rs 499 urgently, will return tomorrow..",en,scam,impersonation,synthetic_template
"உங்கள் மின் கட்டணம் ரூ.1,250 மே மாதத்திற்கு 20-05-2026 அன்று செலுத்த வேண்டும். அதிகாரப்பூர்வ செயலியில் செலுத்துங்கள்.",ta,legitimate,legitimate,synthetic_template
உங்கள் பேருந்து பாஸ் புதுப்பிக்கப்பட்டது. பழைய பாஸுடன் டிப்போவில் பெற்றுக் கொள்ளவும்.,ta,legitimate,legitimate,synthetic_template
"Union Bank: Rs.10,000 credited to your account on 03-06-26 by NEFT. Avl bal Rs.12,400.",en,legitimate,legitimate,synthetic_template
"உங்கள் ரீசார்ஜ் ரூ.50,000 வெற்றிகரமாக முடிந்தது. 28 நாட்கள் செல்லுபடியாகும்.",ta,legitimate,legitimate,synthetic_template
"Rs.25,000 debit aagiduchu account XX4412 la, balance Rs.8,330, OTP yaarukum share pannadheenga",ta,legitimate,legitimate,synthetic_tanglish
"Dear customer, உங்கள் ஆர்டர் அனுப்பப்பட்டது. நாளை மாலைக்குள் வந்துவிடும். செயலியில் பார்க்கவும்.",ta,legitimate,legitimate,synthetic_template
Important: Dear consumer your electricity will be disconnected tonight 9:30 pm because previous month bill not updated. Contact electricity officer 7012345678,en,scam,impersonation,synthetic_template
"உங்கள் காசோலை எண் 445122, ரூ.999 14-05-2026 அன்று செலுத்தப்பட்டது.",ta,legitimate,legitimate,synthetic_template
Attention! சைபர் பாதுகாப்பு பயிற்சியை முடித்ததற்கு வாழ்த்துக்கள். உங்கள் சான்றிதழ் தயாராக உள்ளது.,ta,legitimate,legitimate,synthetic_template
"Mutual fund double scheme, fixed 20% return guaranteed every month. Limited offer.",en,scam,investment,synthetic_template
Congratulations! You are selected for work from home job. Earn Rs 499 daily. Pay registration fee Rs 499 to start. Contact 9876543210,en,scam,job,synthetic_template
"Bitcoin investment scheme approved by RBI. Minimum Rs 2,500, daily profit credited. Register http://sbi-kyc-update.xyz/verify Regards.",en,scam,investment,synthetic_template
உங்கள் மின் கட்டணம் ரூ.499 மே மாதத்திற்கு 20-05-2026 அன்று செலுத்த வேண்டும். அதிகாரப்பூர்வ செயலியில் செலுத்துங்கள்.,ta,legitimate,legitimate,synthetic_template
சைபர் பாதுகாப்பு பயிற்சியை முடித்ததற்கு வாழ்த்துக்கள். உங்கள் சான்றிதழ் தயாராக உள்ளது.,ta,legitimate,legitimate,synthetic_template
"Loan approve aagiduchu Rs 499, processing fee mattum pay pannunga, documents thevai illa",ta,scam,impersonation,synthetic_tanglish
Your monthly statement for A/c XX4412 is ready. View it by logging into the official PNB net banking portal.,en,legitimate,legitimate,synthetic_template
CIBIL சரிபார்ப்பு இல்லாமல் உடனடி கடன். 10 நிமிடத்தில் பணம். http://tinyurl.com/kyc-updt,ta,scam,loan,synthetic_template
உங்கள் மின் மீட்டர் அளவீடு இன்று எடுக்கப்பட்டது.. மூன்று நாட்களில் பில் வழங்கப்படும்..,ta,legitimate,legitimate,synthetic_template
உங்கள் சிலிண்டர் பதிவு உறுதியானது.. 2 வேலை நாட்களில் வழங்கப்படும்.. டெலிவரி நபரிடம் மட்டும் பணம் தரவும்..,ta,legitimate,legitimate,synthetic_template
"Pre-approved personal loan of Rs 10,000 approved. No documents required. Pay processing fee Rs 999. Call 6383991122",en,scam,loan,synthetic_template
"உங்கள் காசோலை எண் 445122, ரூ.4,999 14-05-2026 அன்று செலுத்தப்பட்டது.",ta,legitimate,legitimate,synthetic_template
"Attention! Mummy phone udanju pochu, ithu en new number, Rs 1,250 urgent ah anuppunga",ta,scam,impersonation,synthetic_tanglish
Attention! Dear consumer your electricity will be disconnected tonight 9:30 pm because previous month bill not updated. Contact electricity officer 9876543210,en,scam,impersonation,synthetic_template
Anna urgent ah OTP 483920 share pannunga illana account block aagidum,ta,scam,impersonation,synthetic_tanglish
"Dear customer, the branch will be closed on 26-01-2026 for the public holiday.. Normal banking resumes the next working day..",en,legitimate,legitimate,synthetic_template
Your resume is shortlisted for MNC.. Interview fee Rs 999 payable to confirm slot.. Call 7012345678,en,scam,job,synthetic_template
உங்கள் ஆர்டர் அனுப்பப்பட்டது. நாளை மாலைக்குள் வந்துவிடும். செயலியில் பார்க்கவும். Regards.,ta,legitimate,legitimate,synthetic_template
Guaranteed 30% monthly return on crypto trading. Invest Rs 999 and double your money in 15 days. Join http://epfo-claim-online.work/pf,en,scam,investment,synthetic_template
உங்கள் PNB கணக்கு இன்று முடக்கப்படும். http://tinyurl.com/kyc-updt சென்று PAN புதுப்பிக்கவும்.,ta,scam,banking,synthetic_template
"Neenga lucky winner! Rs 50,00,000 prize jeichuruken. Claim panna http://bit.ly/3kycupd click pannunga Team",ta,scam,impersonation,synthetic_tanglish
Your PNB account will be suspended today. Update PAN at http://sbi-kyc-update.xyz/verify to continue services.,en,scam,banking,synthetic_template
உங்கள் SBI கணக்கு சரிபார்க்க வேண்டும். இப்போது வந்த OTP 554411 ஐ அனுப்பவும்.,ta,scam,otp,synthetic_template
"Sir OTP 483920 aaya hoga, please forward kijiye, warna account block ho jayega.",en,scam,otp,synthetic_template
"Dear parent, the school will remain closed tomorrow due to heavy rain.. Classes resume on Monday..",en,legitimate,legitimate,synthetic_template
"Your cheque number 445122 for Rs.4,999 has been cleared on 14-05-2026. Regards.",en,legitimate,legitimate,synthetic_template
Your gas cylinder has been booked.. Booking ID 7781234.. Delivery in 2 working days..,en,legitimate,legitimate,synthetic_template
Your order has been shipped and will be delivered by tomorrow 7 PM. Track in the app. Act fast!,en,legitimate,legitimate,synthetic_template
Low interest loan available any CIBIL score. Zero paperwork. Contact 8123456789,en,scam,loan,synthetic_template
"Hello beta, this is your uncle, I changed my number. I need Rs 2,500 urgently, will return tomorrow.",en,scam,impersonation,synthetic_template
Your Facebook page violates copyright. Verify within 24 hours at http://epfo-claim-online.work/pf or page will be deleted.,en,scam,social_media,synthetic_template
"Mummy my phone is broken, this is my new number. Send Rs 2,500 to this GPay urgently.",en,scam,impersonation,synthetic_template
Attention! அரசு மருத்துவமனையில் உங்கள் சந்திப்பு 15-05-2026 காலை 10:30 மணிக்கு உறுதி செய்யப்பட்டது..,ta,legitimate,legitimate,synthetic_template
Neenga lucky winner! Rs 1 Crore prize jeichuruken. Claim panna http://sbi-kyc-update.xyz/verify click pannunga,ta,scam,impersonation,synthetic_tanglish
"Dear customer, CONGRATULATIONS!! You are the lucky winner of Rs 25,00,000. Send your bank details to claim.",en,scam,lottery,synthetic_template
"Dear customer, your ICICI Bank account needs verification. Share the OTP 220199 received on your mobile to complete the process.",en,scam,otp,synthetic_template
"Canara Bank: Rs.2,500 credited to your account on 03-06-26 by NEFT. Avl bal Rs.12,400.",en,legitimate,legitimate,synthetic_template
"Your consignment is seized. Clearance fee Rs 2,500 required. Contact 9445566778",en,scam,courier_parcel,synthetic_template
PNB alert: Aadhaar not linked with account. Re-verify KYC at http://hdfc-secure-login.top/kyc before tonight.,en,scam,kyc,synthetic_template
CIBIL சரிபார்ப்பு இல்லாமல் உடனடி கடன். 10 நிமிடத்தில் பணம். http://192.168.44.9/bank/login,ta,scam,loan,synthetic_template
"Dear customer, Dear customer, your electricity bill of Rs.10,000 for May is due on 20-05-2026. Pay through the official app or nearest office.",en,legitimate,legitimate,synthetic_template
"Loan approve aagiduchu Rs 25,000, processing fee mattum pay pannunga, documents thevai illa",ta,scam,impersonation,synthetic_tanglish
Your monthly statement for A/c XX4412 is ready. View it by logging into the official Axis Bank net banking portal.,en,legitimate,legitimate,synthetic_template
"SBI: RS.2,500 CREDITED TO YOUR ACCOUNT ON 03-06-26 BY NEFT. AVL BAL RS.12,400.",en,legitimate,legitimate,synthetic_template
"I am CBI officer.. Your Aadhaar is used in money laundering case.. This is a digital arrest, stay on video call..",en,scam,digital_arrest,synthetic_template
Your bank account KYC is incomplete as per RBI. Update immediately http://epfo-claim-online.work/pf to avoid suspension.,en,scam,kyc,synthetic_template
உங்கள் பார்சல் சுங்கத்தில் தடுத்து வைக்கப்பட்டுள்ளது. சட்டவிரோத பொருட்கள் உள்ளன. உடனே 9445566778 அழைக்கவும்.,ta,scam,courier_parcel,synthetic_template
Your bank account KYC is incomplete as per RBI.. Update immediately http://paytm-cashback..buzz/claim to avoid suspension..,en,scam,kyc,synthetic_template
Part time job available. Like YouTube videos and earn Rs 500 per day. Join WhatsApp 8123456789 Act fast!,en,scam,job,synthetic_template
உங்கள் மின் கட்டணம் ரூ.999 மே மாதத்திற்கு 20-05-2026 அன்று செலுத்த வேண்டும். அதிகாரப்பூர்வ செயலியில் செலுத்துங்கள்.,ta,legitimate,legitimate,synthetic_template
"Dear customer, வங்கி 26-01-2026 அன்று விடுமுறை காரணமாக மூடப்படும். அடுத்த வேலை நாளில் இயல்பு சேவை.",ta,legitimate,legitimate,synthetic_template
Your monthly statement for A/c XX4412 is ready. View it by logging into the official ICICI Bank net banking portal.,en,legitimate,legitimate,synthetic_template
Important: Courier delivery failed. Pay Rs 49 redelivery charge at http://tinyurl.com/kyc-updt to reschedule.,en,scam,courier_parcel,synthetic_template
"அம்மா என் ஃபோன் உடைந்துவிட்டது, இது என் புதிய எண். ரூ 999 உடனே அனுப்புங்கள்.",ta,scam,impersonation,synthetic_template
Your mobile number is selected in Coca Cola lucky draw. Prize Rs 1 Crore. Contact WhatsApp 8123456789,en,scam,lottery,synthetic_template
"Your mobile number is selected in Coca Cola lucky draw. Prize Rs 10,00,000. Contact WhatsApp 9876543210",en,scam,lottery,synthetic_template
Your mobile recharge of Rs.499 is successful. Validity 28 days. Thank you.,en,legitimate,legitimate,synthetic_template
உங்கள் HDFC Bank கணக்கு சரிபார்க்க வேண்டும். இப்போது வந்த OTP 220199 ஐ அனுப்பவும்.,ta,scam,otp,synthetic_template
"Attention! Sir, this is Kumar from the water board. We will do the meter reading tomorrow between 10 AM and 12 PM.",en,legitimate,legitimate,synthetic_template
Your gas cylinder has been booked. Booking ID 7781234. Delivery in 2 working days.,en,legitimate,legitimate,synthetic_template
"I HAVE YOUR PRIVATE VIDEO. PAY RS 1,250 OR I WILL SEND IT TO ALL YOUR CONTACTS.",en,scam,social_media,synthetic_template
"Dear parent, the school will remain closed tomorrow due to heavy rain. Classes resume on Monday. Team",en,legitimate,legitimate,synthetic_template
Attention! Your Aadhaar update request 8812 has been accepted at the enrolment centre. Check status on the official portal after 7 days.,en,legitimate,legitimate,synthetic_template
Your scholarship application has been received by the college office. Results will be displayed on the notice board. Thank you.,en,legitimate,legitimate,synthetic_template
"Rs.999 debited from A/c XX4412 on 12-05-26. Avl Bal Rs.8,330. Not you? Call 18001234. Do not share OTP with anyone.",en,legitimate,legitimate,synthetic_template
"Your mobile recharge of Rs.10,000 is successful. Validity 28 days. Thank you.",en,legitimate,legitimate,synthetic_template
Your bus pass renewal is complete. Collect it from the depot counter with your old pass. Regards.,en,legitimate,legitimate,synthetic_template
"Dear customer, உங்கள் மின் கட்டணம் ரூ.10,000 மே மாதத்திற்கு 20-05-2026 அன்று செலுத்த வேண்டும். அதிகாரப்பூர்வ செயலியில் செலுத்துங்கள்.",ta,legitimate,legitimate,synthetic_template
"Dear customer, your electricity bill of Rs.999 for May is due on 20-05-2026. Pay through the official app or nearest office.",en,legitimate,legitimate,synthetic_template
உங்கள் ரீசார்ஜ் ரூ.999 வெற்றிகரமாக முடிந்தது. 28 நாட்கள் செல்லுபடியாகும்.,ta,legitimate,legitimate,synthetic_template
"ரூ.50,000 உங்கள் கணக்கிலிருந்து பற்று வைக்கப்பட்டது. இருப்பு ரூ.8,330. OTP ஐ யாரிடமும் பகிர வேண்டாம்.",ta,legitimate,legitimate,synthetic_template
YOUR LIBRARY BOOK IS DUE ON 22-05-2026. PLEASE RETURN IT AT THE COUNTER TO AVOID A LATE FEE.,en,legitimate,legitimate,synthetic_template
HDFC Bank: Your debit card is blocked. Share card number and CVV to reactivate.,en,scam,banking,synthetic_template
"மாதம் 30% உறுதியான லாபம்.. ரூ 25,000 முதலீடு செய்து 15 நாளில் இரட்டிப்பு பெறுங்கள்.. http://sbi-kyc-update..xyz/verify",ta,scam,investment,synthetic_template
"Data entry job, no experience needed. Earn Rs 1,250 weekly. Registration charge only Rs 750.",en,scam,job,synthetic_template
Final notice - KYC verification pending. Download the form from http://tinyurl.com/kyc-updt and submit today.,en,scam,kyc,synthetic_template
554411 உங்கள் உள்நுழைவு OTP.. 10 நிமிடம் செல்லுபடியாகும்.. இதை யாரிடமும் சொல்ல வேண்டாம்..,ta,legitimate,legitimate,synthetic_template
"உங்கள் காசோலை எண் 445122, ரூ.499 14-05-2026 அன்று செலுத்தப்பட்டது.",ta,legitimate,legitimate,synthetic_template
"Hello beta, this is your uncle, I changed my number. I need Rs 1,250 urgently, will return tomorrow.",en,scam,impersonation,synthetic_template
உங்கள் ஆர்டர் அனுப்பப்பட்டது. நாளை மாலைக்குள் வந்துவிடும். செயலியில் பார்க்கவும். Act fast!,ta,legitimate,legitimate,synthetic_template
"ரூ..999 உங்கள் கணக்கிலிருந்து பற்று வைக்கப்பட்டது.. இருப்பு ரூ..8,330.. OTP ஐ யாரிடமும் பகிர வேண்டாம்..",ta,legitimate,legitimate,synthetic_template
Hotel rating task available.. Complete 5 tasks get Rs 1000.. Send joining fee to this UPI..,en,scam,job,synthetic_template
YOUR ICICI BANK ACCOUNT WILL BE SUSPENDED TODAY. UPDATE PAN AT HTTP://SBI-KYC-UPDATE.XYZ/VERIFY TO CONTINUE SERVICES.,en,scam,banking,synthetic_template
பங்குச்சந்தை குறிப்புகள் குழு. நிச்சயமான லாபம். இடம் குறைவு. தொடர்பு 7012345678,ta,scam,investment,synthetic_template
உங்கள் ரீசார்ஜ் ரூ.499 வெற்றிகரமாக முடிந்தது. 28 நாட்கள் செல்லுபடியாகும். Team,ta,legitimate,legitimate,synthetic_template
Your library book is due on 22-05-2026. Please return it at the counter to avoid a late fee. Thank you.,en,legitimate,legitimate,synthetic_template
"Dear customer, your Union Bank account needs verification. Share the OTP 554411 received on your mobile to complete the process.",en,scam,otp,synthetic_template
"Important: Beneficiary added successfully to your account. If this was not done by you, contact your branch immediately.",en,legitimate,legitimate,synthetic_template
"Ungaloda order ship aagiduchu, naalaiku delivery aagum, app la track pannunga",ta,legitimate,legitimate,synthetic_tanglish
"உங்கள் எண் தேர்வாகியுள்ளது. பரிசு ரூ 25,00,000. வங்கி விவரங்களை அனுப்பவும்.",ta,scam,lottery,synthetic_template
"YOUR GAS SUBSIDY IS PENDING. UPDATE BANK ACCOUNT AT HTTP://EPFO-CLAIM-ONLINE.WORK/PF TO RECEIVE RS 10,000.",en,scam,impersonation,synthetic_template
"Mummy phone udanju pochu, ithu en new number, Rs 4,999 urgent ah anuppunga",ta,scam,impersonation,synthetic_tanglish
"முன்கூட்டியே அனுமதிக்கப்பட்ட ரூ 25,000 கடன். ஆவணம் தேவையில்லை. செயலாக்க கட்டணம் ரூ 999. 6383991122",ta,scam,loan,synthetic_template
உங்கள் சிலிண்டர் பதிவு உறுதியானது. 2 வேலை நாட்களில் வழங்கப்படும். டெலிவரி நபரிடம் மட்டும் பணம் தரவும். Act fast!,ta,legitimate,legitimate,synthetic_template
"Your insurance premium of Rs.2,500 is due on 28-05-2026. Pay via the official portal or your agent.",en,legitimate,legitimate,synthetic_template
Anna urgent ah OTP 907845 share pannunga illana account block aagidum,ta,scam,impersonation,synthetic_tanglish
"SBI: Rs.50,000 credited to your account on 03-06-26 by NEFT. Avl bal Rs.12,400. Thank you.",en,legitimate,legitimate,synthetic_template
Your cheque number 445122 for Rs.499 has been cleared on 14-05-2026.,en,legitimate,legitimate,synthetic_template
Amazon hiring work from home. Daily payout. Security deposit Rs 1500 refundable. Apply http://192.168.44.9/bank/login Act fast!,en,scam,job,synthetic_template
Your blood donation camp registration is confirmed for Sunday 9 AM at the community hall.. Act fast!,en,legitimate,legitimate,synthetic_template
I have your private video. Pay Rs 499 or I will send it to all your contacts.,en,scam,social_media,synthetic_template
220199 உங்கள் உள்நுழைவு OTP. 10 நிமிடம் செல்லுபடியாகும். இதை யாரிடமும் சொல்ல வேண்டாம்.,ta,legitimate,legitimate,synthetic_template
உங்கள் Kotak கணக்கு இன்று முடக்கப்படும்.. http://bit..ly/3kycupd சென்று PAN புதுப்பிக்கவும்..,ta,scam,banking,synthetic_template
"Dear customer, Your request for a new chequebook has been registered.. It will reach you in 7 working days..",en,legitimate,legitimate,synthetic_template
"Thank you for your payment of Rs.10,000. Receipt number 88213. This is a system generated message.",en,legitimate,legitimate,synthetic_template
"Rs.4,999 debit aagiduchu account XX4412 la, balance Rs.8,330, OTP yaarukum share pannadheenga",ta,legitimate,legitimate,synthetic_tanglish
"Bank la irundhu pesuren, card block aagiduchu, CVV number sollunga update panren",ta,scam,impersonation,synthetic_tanglish
Your scholarship application has been received by the college office.. Results will be displayed on the notice board..,en,legitimate,legitimate,synthetic_template
Your BHIM account is on hold. Reply with the 6 digit code 907845 to reactivate immediately.,en,scam,otp,synthetic_template
"Your loan of Rs 4,999 is sanctioned. Pay insurance charge Rs 1500 to release amount.",en,scam,loan,synthetic_template
Low interest loan available any CIBIL score. Zero paperwork. Contact 9876543210,en,scam,loan,synthetic_template
உங்கள் பேருந்து பாஸ் புதுப்பிக்கப்பட்டது.. பழைய பாஸுடன் டிப்போவில் பெற்றுக் கொள்ளவும்..,ta,legitimate,legitimate,synthetic_template
Your Aadhaar update request 8812 has been accepted at the enrolment centre. Check status on the official portal after 7 days. Regards.,en,legitimate,legitimate,synthetic_template
Dear consumer your electricity will be disconnected tonight 9:30 pm because previous month bill not updated. Contact electricity officer 9876543210 Act fast!,en,scam,impersonation,synthetic_template
Stock market tips group. 100% assured profit. Limited seats. Contact expert 7012345678,en,scam,investment,synthetic_template
"உங்கள் காசோலை எண் 445122, ரூ.1,250 14-05-2026 அன்று செலுத்தப்பட்டது.",ta,legitimate,legitimate,synthetic_template
"Attention! Dear parent, the school will remain closed tomorrow due to heavy rain. Classes resume on Monday.",en,legitimate,legitimate,synthetic_template
"Loan approve aagiduchu Rs 2,500, processing fee mattum pay pannunga, documents thevai illa",ta,scam,impersonation,synthetic_tanglish
"This is from Mumbai customs.. Your parcel contains narcotics.. Stay on this call, do not disconnect..",en,scam,courier_parcel,synthetic_template
Your bank account KYC is incomplete as per RBI. Update immediately http://bit.ly/3kycupd to avoid suspension.,en,scam,kyc,synthetic_template
Your mobile recharge of Rs.999 is successful. Validity 28 days. Thank you.,en,legitimate,legitimate,synthetic_template
"Your train PNR 4451223 is confirmed, coach S4 berth 32.. Happy journey..",en,legitimate,legitimate,synthetic_template
"ED department.. Your account is linked to terror funding.. Transfer Rs 2,500 to verification account for clearance..",en,scam,digital_arrest,synthetic_template
"Your insurance premium of Rs.4,999 is due on 28-05-2026. Pay via the official portal or your agent.",en,legitimate,legitimate,synthetic_template
"Data entry job, no experience needed. Earn Rs 499 weekly. Registration charge only Rs 750.",en,scam,job,synthetic_template
உங்கள் ரேஷன் அட்டை e-KYC நியாய விலைக் கடையில் முடிக்கப்பட்டது.. வேறு நடவடிக்கை தேவையில்லை..,ta,legitimate,legitimate,synthetic_template
Your Facebook page violates copyright. Verify within 24 hours at http://192.168.44.9/bank/login or page will be deleted.,en,scam,social_media,synthetic_template
"Accept the payment request on PhonePe to receive cashback of Rs 50,000.. Enter PIN to confirm..",en,scam,banking,synthetic_template
Your monthly statement for A/c XX4412 is ready. View it by logging into the official Canara Bank net banking portal.,en,legitimate,legitimate,synthetic_template
Install AnyDesk app and share screen so our executive can update your account details..,en,scam,banking,synthetic_template
WhatsApp subscription expired. Renew now at http://icici-netbank.click/auth to avoid losing your chats. Thank you.,en,scam,social_media,synthetic_template
"Dear customer, Ungaloda order ship aagiduchu, naalaiku delivery aagum, app la track pannunga",ta,legitimate,legitimate,synthetic_tanglish
Axis Bank: Your debit card is blocked. Share card number and CVV to reactivate.,en,scam,banking,synthetic_template
"Ungaloda exam result vandhuduchu, official website la login panni paarunga",ta,legitimate,legitimate,synthetic_tanglish
Attention! Your library book is due on 22-05-2026. Please return it at the counter to avoid a late fee.,en,legitimate,legitimate,synthetic_template
"Thank you for your payment of Rs.2,500. Receipt number 88213. This is a system generated message.",en,legitimate,legitimate,synthetic_template
"Accept the payment request on BHIM to receive cashback of Rs 4,999. Enter PIN to confirm.",en,scam,banking,synthetic_template
"உங்கள் பணம் ரூ.10,000 பெறப்பட்டது. ரசீது எண் 88213. இது தானியங்கி செய்தி.",ta,legitimate,legitimate,synthetic_template
"CONGRATULATIONS!! You are the lucky winner of Rs 50,00,000. Send your bank details to claim.",en,scam,lottery,synthetic_template
"Parcel customs la hold aagiduchu, illegal item irukku, udane 8123456789 ku call pannunga",ta,scam,impersonation,synthetic_tanglish
"Your number won the Diwali bumper prize of Rs 50,00,000. Pay GST of Rs 50,000 to release the amount.",en,scam,lottery,synthetic_template
"Anydesk app install pannunga, screen share panna naanga account correct panrom",ta,scam,impersonation,synthetic_tanglish
"HDFC Bank: Rs..1,250 credited to your account on 03-06-26 by NEFT.. Avl bal Rs..12,400..",en,legitimate,legitimate,synthetic_template
Your PhonePe account is on hold. Reply with the 6 digit code 907845 to reactivate immediately.,en,scam,otp,synthetic_template
YOUR BLOOD DONATION CAMP REGISTRATION IS CONFIRMED FOR SUNDAY 9 AM AT THE COMMUNITY HALL.,en,legitimate,legitimate,synthetic_template
Your Axis Bank account will be suspended today. Update PAN at http://192.168.44.9/bank/login to continue services. Regards.,en,scam,banking,synthetic_template
"Attention! உங்கள் ரீசார்ஜ் ரூ..10,000 வெற்றிகரமாக முடிந்தது.. 28 நாட்கள் செல்லுபடியாகும்..",ta,legitimate,legitimate,synthetic_template
Attention! Your net banking password expires today. Confirm your card number and CVV at http://bit.ly/3kycupd.,en,scam,banking,synthetic_template
Instant loan without CIBIL check. Get money in 10 minutes. Apply http://sbi-kyc-update.xyz/verify,en,scam,loan,synthetic_template
உங்கள் மின் மீட்டர் அளவீடு இன்று எடுக்கப்பட்டது. மூன்று நாட்களில் பில் வழங்கப்படும். Act fast!,ta,legitimate,legitimate,synthetic_template
"உங்கள் ரீசார்ஜ் ரூ..1,250 வெற்றிகரமாக முடிந்தது.. 28 நாட்கள் செல்லுபடியாகும்..",ta,legitimate,legitimate,synthetic_template
Thank you for your payment of Rs.999. Receipt number 88213. This is a system generated message.,en,legitimate,legitimate,synthetic_template
Courier delivery failed. Pay Rs 49 redelivery charge at http://sbi-kyc-update.xyz/verify to reschedule.,en,scam,courier_parcel,synthetic_template
உங்கள் Canara Bank KYC காலாவதியாகிவிட்டது. 24 மணி நேரத்தில் கணக்கு முடக்கப்படும். http://sbi-kyc-update.xyz/verify ஐ அழுத்தவும்.,ta,scam,kyc,synthetic_template
உங்கள் மின் இணைப்பு இன்றிரவு துண்டிக்கப்படும். முந்தைய மாத கட்டணம் புதுப்பிக்கப்படவில்லை. அலுவலர் 9445566778,ta,scam,impersonation,synthetic_template
"Rs..25,000 debit aagiduchu account XX4412 la, balance Rs..8,330, OTP yaarukum share pannadheenga",ta,legitimate,legitimate,synthetic_tanglish
"Ungaloda order ship aagiduchu, naalaiku delivery aagum, app la track pannunga Thank you.",ta,legitimate,legitimate,synthetic_tanglish
"Rs.1,250 debit aagiduchu account XX4412 la, balance Rs.8,330, OTP yaarukum share pannadheenga Act fast!",ta,legitimate,legitimate,synthetic_tanglish
KOTAK ALERT: AADHAAR NOT LINKED WITH ACCOUNT. RE-VERIFY KYC AT HTTP://HDFC-SECURE-LOGIN.TOP/KYC BEFORE TONIGHT.,en,scam,kyc,synthetic_template
Important: Your net banking password expires today. Confirm your card number and CVV at http://hdfc-secure-login.top/kyc.,en,scam,banking,synthetic_template
Attention! Low interest loan available any CIBIL score. Zero paperwork. Contact 6383991122,en,scam,loan,synthetic_template
Axis Bank: Your debit card is blocked.. Share card number and CVV to reactivate.. Regards..,en,scam,banking,synthetic_template
"Dear user, Rs 50,000 debited. If not done by you call 6383991122 immediately.",en,scam,banking,synthetic_template
"Canara Bank: Rs.4,999 credited to your account on 03-06-26 by NEFT. Avl bal Rs.12,400.",en,legitimate,legitimate,synthetic_template
உங்கள் பார்சலில் போதைப்பொருள் உள்ளது. அழைப்பை துண்டிக்காதீர்கள்.,ta,scam,courier_parcel,synthetic_template
Your monthly statement for A/c XX4412 is ready.. View it by logging into the official Axis Bank net banking portal..,en,legitimate,legitimate,synthetic_template
"உங்கள் காசோலை எண் 445122, ரூ.2,500 14-05-2026 அன்று செலுத்தப்பட்டது.",ta,legitimate,legitimate,synthetic_template
"Pre-approved personal loan of Rs 1,250 approved.. No documents required.. Pay processing fee Rs 999.. Call 7012345678",en,scam,loan,synthetic_template
Important: Your cheque number 445122 for Rs.499 has been cleared on 14-05-2026.,en,legitimate,legitimate,synthetic_template
"Neenga lucky winner! Rs 50,00,000 prize jeichuruken. Claim panna http://sbi-kyc-update.xyz/verify click pannunga",ta,scam,impersonation,synthetic_tanglish
"Important: Dear customer, the branch will be closed on 26-01-2026 for the public holiday. Normal banking resumes the next working day.",en,legitimate,legitimate,synthetic_template
உங்கள் மின்சாரம் இன்றிரவு துண்டிக்கப்படும். கட்டணம் புதுப்பிக்கப்படவில்லை. அலுவலர் 7012345678 ஐ தொடர்பு கொள்ளவும்.,ta,scam,electricity_bill,synthetic_template
நாளை கனமழை காரணமாக பள்ளிக்கு விடுமுறை.. திங்கள் அன்று வகுப்புகள் தொடங்கும்..,ta,legitimate,legitimate,synthetic_template
"Dear customer, 554411 உங்கள் உள்நுழைவு OTP. 10 நிமிடம் செல்லுபடியாகும். இதை யாரிடமும் சொல்ல வேண்டாம்.",ta,legitimate,legitimate,synthetic_template
Part time job available. Like YouTube videos and earn Rs 500 per day. Join WhatsApp 8123456789,en,scam,job,synthetic_template
"Mumbai Cyber Police.. FIR registered against you.. Join Skype video call now, do not inform anyone..",en,scam,digital_arrest,synthetic_template
907845 உங்கள் உள்நுழைவு OTP. 10 நிமிடம் செல்லுபடியாகும். இதை யாரிடமும் சொல்ல வேண்டாம்.,ta,legitimate,legitimate,synthetic_template
KYC புதுப்பிக்கவில்லை. இன்றே http://paytm-cashback.buzz/claim சென்று விவரங்களை பதிவு செய்யவும்.,ta,scam,kyc,synthetic_template
Your net banking password expires today. Confirm your card number and CVV at http://epfo-claim-online.work/pf.,en,scam,banking,synthetic_template
Stock market tips group. 100% assured profit. Limited seats. Contact expert 6383991122 Act fast!,en,scam,investment,synthetic_template
STOCK MARKET TIPS GROUP. 100% ASSURED PROFIT. LIMITED SEATS. CONTACT EXPERT 8123456789,en,scam,investment,synthetic_template
"Dear customer, Cylinder booking confirm aagiduchu, 2 days la delivery, delivery person kitta mattum pay pannunga",ta,legitimate,legitimate,synthetic_tanglish
Your Instagram account will be permanently disabled.. Confirm your identity here http://irctc-refund..cyou/ticket,en,scam,social_media,synthetic_template
உங்கள் CANARA BANK KYC காலாவதியாகிவிட்டது. 24 மணி நேரத்தில் கணக்கு முடக்கப்படும். HTTP://PAYTM-CASHBACK.BUZZ/CLAIM ஐ அழுத்தவும்.,ta,scam,kyc,synthetic_template
"Thank you for your payment of Rs.50,000. Receipt number 88213. This is a system generated message.",en,legitimate,legitimate,synthetic_template
"I am Major Rajesh from Indian Army, posted transfer.. Pay advance Rs 4,999 for the furniture, I will send truck..",en,scam,impersonation,synthetic_template
"Mummy my phone is broken, this is my new number. Send Rs 10,000 to this GPay urgently.",en,scam,impersonation,synthetic_template
Your FedEx parcel is held at customs due to illegal items. Call 9445566778 immediately to avoid legal action.,en,scam,courier_parcel,synthetic_template
"Important: To stop the unauthorised transaction of Rs 499, share the verification code immediately.",en,scam,otp,synthetic_template
"Mummy my phone is broken, this is my new number. Send Rs 10,000 to this GPay urgently. Act fast!",en,scam,impersonation,synthetic_template
"PRE-APPROVED PERSONAL LOAN OF RS 2,500 APPROVED. NO DOCUMENTS REQUIRED. PAY PROCESSING FEE RS 999. CALL 7012345678",en,scam,loan,synthetic_template
YOUR INSTAGRAM ACCOUNT WILL BE PERMANENTLY DISABLED. CONFIRM YOUR IDENTITY HERE HTTP://IRCTC-REFUND.CYOU/TICKET,en,scam,social_media,synthetic_template
Important: உங்கள் சிலிண்டர் பதிவு உறுதியானது. 2 வேலை நாட்களில் வழங்கப்படும். டெலிவரி நபரிடம் மட்டும் பணம் தரவும்.,ta,legitimate,legitimate,synthetic_template
உங்கள் மின் மீட்டர் அளவீடு இன்று எடுக்கப்பட்டது. மூன்று நாட்களில் பில் வழங்கப்படும்.,ta,legitimate,legitimate,synthetic_template
Your resume is shortlisted for MNC. Interview fee Rs 999 payable to confirm slot. Call 9876543210,en,scam,job,synthetic_template
"Investment panna 30% guaranteed return, double money 15 days la, join http://icici-netbank.click/auth",ta,scam,impersonation,synthetic_tanglish
Your blood donation camp registration is confirmed for Sunday 9 AM at the community hall. Regards.,en,legitimate,legitimate,synthetic_template
"Parcel customs la hold aagiduchu, illegal item irukku, udane 9876543210 ku call pannunga",ta,scam,impersonation,synthetic_tanglish
அரசு மருத்துவமனையில் உங்கள் சந்திப்பு 15-05-2026 காலை 10:30 மணிக்கு உறுதி செய்யப்பட்டது.,ta,legitimate,legitimate,synthetic_template
Attention! வங்கி 26-01-2026 அன்று விடுமுறை காரணமாக மூடப்படும். அடுத்த வேலை நாளில் இயல்பு சேவை.,ta,legitimate,legitimate,synthetic_template
Your insurance premium of Rs.999 is due on 28-05-2026. Pay via the official portal or your agent.,en,legitimate,legitimate,synthetic_template
"SBI: Rs.499 credited to your account on 03-06-26 by NEFT. Avl bal Rs.12,400.",en,legitimate,legitimate,synthetic_template
Important: பகுதி நேர வேலை உள்ளது. வீடியோ லைக் செய்து தினமும் ரூ 500 பெறலாம். ஜாயின் 6383991122,ta,scam,job,synthetic_template
"Attention! உங்கள் ரயில் PNR 4451223 உறுதி செய்யப்பட்டது. பெட்டி S4, இருக்கை 32. பயணம் இனிதாகட்டும்.",ta,legitimate,legitimate,synthetic_template
Congratulations on completing the cyber safety workshop. Your certificate is ready for collection. Act fast!,en,legitimate,legitimate,synthetic_template
"Hello beta, this is your uncle, I changed my number. I need Rs 10,000 urgently, will return tomorrow.",en,scam,impersonation,synthetic_template
"Dear customer, உங்கள் தேர்வு முடிவுகள் வெளியாகியுள்ளன. பல்கலைக்கழக அதிகாரப்பூர்வ தளத்தில் பார்க்கவும்.",ta,legitimate,legitimate,synthetic_template
Dear customer your electricity connection will be disconnected tonight because bill is not updated. Call officer 6383991122 Team,en,scam,electricity_bill,synthetic_template
"ரூ.2,500 உங்கள் கணக்கிலிருந்து பற்று வைக்கப்பட்டது. இருப்பு ரூ.8,330. OTP ஐ யாரிடமும் பகிர வேண்டாம்.",ta,legitimate,legitimate,synthetic_template
WhatsApp subscription expired. Renew now at http://rbi-verify-account.icu/form to avoid losing your chats.,en,scam,social_media,synthetic_template
"220199 is your OTP for SBI login. Valid for 10 minutes. Do not share this OTP with anyone, including bank staff.",en,legitimate,legitimate,synthetic_template
"Neenga lucky winner! Rs 5,00,000 prize jeichuruken. Claim panna http://rbi-verify-account.icu/form click pannunga",ta,scam,impersonation,synthetic_tanglish
"BENEFICIARY ADDED SUCCESSFULLY TO YOUR ACCOUNT. IF THIS WAS NOT DONE BY YOU, CONTACT YOUR BRANCH IMMEDIATELY.",en,legitimate,legitimate,synthetic_template
Final notice - KYC verification pending. Download the form from http://paytm-cashback.buzz/claim and submit today.,en,scam,kyc,synthetic_template
"Important: TRAI இலிருந்து அழைக்கிறோம். ஆதார் பொருந்தவில்லை, உங்கள் சிம் 2 மணி நேரத்தில் முடக்கப்படும்.",ta,scam,impersonation,synthetic_template
"Anydesk app install pannunga, screen share panna naanga account correct panrom Act fast!",ta,scam,impersonation,synthetic_tanglish
